,Common Name,Scientific Name,Date Sited,Location Name,Latitude,Longitude,year
0,Mourning Dove,Zenaida macroura,2020-09-26 13:36,Nightingale CSO Basin (Post-2016),38.2144822,-85.7114928,2020
1,Chimney Swift,Chaetura pelagica,2020-09-26 13:36,Nightingale CSO Basin (Post-2016),38.2144822,-85.7114928,2020
2,Eastern Phoebe,Sayornis phoebe,2020-09-26 13:36,Nightingale CSO Basin (Post-2016),38.2144822,-85.7114928,2020
3,Blue Jay,Cyanocitta cristata,2020-09-26 13:36,Nightingale CSO Basin (Post-2016),38.2144822,-85.7114928,2020
4,Carolina Chickadee,Poecile carolinensis,2020-09-26 13:36,Nightingale CSO Basin (Post-2016),38.2144822,-85.7114928,2020
5,Tufted Titmouse,Baeolophus bicolor,2020-09-26 13:36,Nightingale CSO Basin (Post-2016),38.2144822,-85.7114928,2020
6,White-breasted Nuthatch,Sitta carolinensis,2020-09-26 13:36,Nightingale CSO Basin (Post-2016),38.2144822,-85.7114928,2020
7,Carolina Wren,Thryothorus ludovicianus,2020-09-26 13:36,Nightingale CSO Basin (Post-2016),38.2144822,-85.7114928,2020
8,European Starling,Sturnus vulgaris,2020-09-26 13:36,Nightingale CSO Basin (Post-2016),38.2144822,-85.7114928,2020
9,Gray Catbird,Dumetella carolinensis,2020-09-26 13:36,Nightingale CSO Basin (Post-2016),38.2144822,-85.7114928,2020
10,Eastern Bluebird,Sialia sialis,2020-09-26 13:36,Nightingale CSO Basin (Post-2016),38.2144822,-85.7114928,2020
11,American Robin,Turdus migratorius,2020-09-26 13:36,Nightingale CSO Basin (Post-2016),38.2144822,-85.7114928,2020
12,American Goldfinch,Spinus tristis,2020-09-26 13:36,Nightingale CSO Basin (Post-2016),38.2144822,-85.7114928,2020
13,Song Sparrow,Melospiza melodia,2020-09-26 13:36,Nightingale CSO Basin (Post-2016),38.2144822,-85.7114928,2020
14,Common Grackle,Quiscalus quiscula,2020-09-26 13:36,Nightingale CSO Basin (Post-2016),38.2144822,-85.7114928,2020
15,Northern Cardinal,Cardinalis cardinalis,2020-09-26 13:36,Nightingale CSO Basin (Post-2016),38.2144822,-85.7114928,2020
16,Ruby-throated Hummingbird,Archilochus colubris,2020-09-26 13:06,"E.P. ""Tom"" Sawyer SP",38.2817914,-85.5584292,2020
17,Turkey Vulture,Cathartes aura,2020-09-26 13:06,"E.P. ""Tom"" Sawyer SP",38.2817914,-85.5584292,2020
18,Northern Flicker,Colaptes auratus,2020-09-26 13:06,"E.P. ""Tom"" Sawyer SP",38.2817914,-85.5584292,2020
19,Northern Mockingbird,Mimus polyglottos,2020-09-26 13:06,"E.P. ""Tom"" Sawyer SP",38.2817914,-85.5584292,2020
20,Chipping Sparrow,Spizella passerina,2020-09-26 13:06,"E.P. ""Tom"" Sawyer SP",38.2817914,-85.5584292,2020
21,Field Sparrow,Spizella pusilla,2020-09-26 13:06,"E.P. ""Tom"" Sawyer SP",38.2817914,-85.5584292,2020
22,Killdeer,Charadrius vociferus,2020-09-26 12:41,Equestrian Lakes,38.1526473,-85.3591776,2020
23,Great Blue Heron,Ardea herodias,2020-09-26 12:41,Equestrian Lakes,38.1526473,-85.3591776,2020
24,Downy Woodpecker,Dryobates pubescens,2020-09-26 12:41,Equestrian Lakes,38.1526473,-85.3591776,2020
25,Red-bellied Woodpecker,Melanerpes carolinus,2020-09-26 12:32,JoAnn Foster Park,36.899629,-85.862841,2020
26,Pileated Woodpecker,Dryocopus pileatus,2020-09-26 12:32,JoAnn Foster Park,36.899629,-85.862841,2020
27,Philadelphia Vireo,Vireo philadelphicus,2020-09-26 12:32,JoAnn Foster Park,36.899629,-85.862841,2020
28,Black-and-white Warbler,Mniotilta varia,2020-09-26 12:32,JoAnn Foster Park,36.899629,-85.862841,2020
29,American Redstart,Setophaga ruticilla,2020-09-26 12:32,JoAnn Foster Park,36.899629,-85.862841,2020
30,Northern Parula,Setophaga americana,2020-09-26 12:32,JoAnn Foster Park,36.899629,-85.862841,2020
31,Chestnut-sided Warbler,Setophaga pensylvanica,2020-09-26 12:32,JoAnn Foster Park,36.899629,-85.862841,2020
32,Black-throated Green Warbler,Setophaga virens,2020-09-26 12:32,JoAnn Foster Park,36.899629,-85.862841,2020
33,Summer Tanager,Piranga rubra,2020-09-26 12:32,JoAnn Foster Park,36.899629,-85.862841,2020
34,American Crow,Corvus brachyrhynchos,2020-09-26 12:18,"11117 Pebble Creek Dr, Louisville US-KY 38.32092, -85.54135",38.320918,-85.54135,2020
35,House Finch,Haemorhous mexicanus,2020-09-26 12:18,"11117 Pebble Creek Dr, Louisville US-KY 38.32092, -85.54135",38.320918,-85.54135,2020
36,Cape May Warbler,Setophaga tigrina,2020-09-26 12:18,"11117 Pebble Creek Dr, Louisville US-KY 38.32092, -85.54135",38.320918,-85.54135,2020
37,Red-breasted Nuthatch,Sitta canadensis,2020-09-26 12:13,"610 KY-901, Columbia US-KY 37.12880, -85.28179",37.128803,-85.281794,2020
38,Great Egret,Ardea alba,2020-09-26 11:49,"Land Between The Lakes National Recreation Area, Cadiz US-KY 36.79568, -87.99767",36.795684,-87.997668,2020
39,Black Vulture,Coragyps atratus,2020-09-26 11:49,"Land Between The Lakes National Recreation Area, Cadiz US-KY 36.79568, -87.99767",36.795684,-87.997668,2020
40,Bald Eagle,Haliaeetus leucocephalus,2020-09-26 11:49,"Land Between The Lakes National Recreation Area, Cadiz US-KY 36.79568, -87.99767",36.795684,-87.997668,2020
41,White-eyed Vireo,Vireo griseus,2020-09-26 11:49,"Land Between The Lakes National Recreation Area, Cadiz US-KY 36.79568, -87.99767",36.795684,-87.997668,2020
42,Red-eyed Vireo,Vireo olivaceus,2020-09-26 11:49,"Land Between The Lakes National Recreation Area, Cadiz US-KY 36.79568, -87.99767",36.795684,-87.997668,2020
43,Magnolia Warbler,Setophaga magnolia,2020-09-26 11:49,"Land Between The Lakes National Recreation Area, Cadiz US-KY 36.79568, -87.99767",36.795684,-87.997668,2020
44,Wild Turkey,Meleagris gallopavo,2020-09-26 11:48,"442 KY-730, Eddyville US-KY 37.05324, -87.99835",37.053245,-87.998348,2020
45,Yellow-bellied Sapsucker,Sphyrapicus varius,2020-09-26 11:45,The Hood,38.053355,-84.5546458,2020
46,House Sparrow,Passer domesticus,2020-09-26 11:45,The Hood,38.053355,-84.5546458,2020
47,Canada Goose,Branta canadensis,2020-09-26 11:29,"Dave's Biosphere, 3809 Brier East,  Lexington KY",38.0155007,-84.3764269,2020
48,Cooper's Hawk,Accipiter cooperii,2020-09-26 11:29,"Dave's Biosphere, 3809 Brier East,  Lexington KY",38.0155007,-84.3764269,2020
49,Red-shouldered Hawk,Buteo lineatus,2020-09-26 11:29,"Dave's Biosphere, 3809 Brier East,  Lexington KY",38.0155007,-84.3764269,2020
50,Eastern Wood-Pewee,Contopus virens,2020-09-26 11:29,"Dave's Biosphere, 3809 Brier East,  Lexington KY",38.0155007,-84.3764269,2020
51,Brown Thrasher,Toxostoma rufum,2020-09-26 11:29,"Dave's Biosphere, 3809 Brier East,  Lexington KY",38.0155007,-84.3764269,2020
52,Cedar Waxwing,Bombycilla cedrorum,2020-09-26 11:29,"Dave's Biosphere, 3809 Brier East,  Lexington KY",38.0155007,-84.3764269,2020
53,Eastern Towhee,Pipilo erythrophthalmus,2020-09-26 11:29,"Dave's Biosphere, 3809 Brier East,  Lexington KY",38.0155007,-84.3764269,2020
54,Hooded Warbler,Setophaga citrina,2020-09-26 11:29,"Dave's Biosphere, 3809 Brier East,  Lexington KY",38.0155007,-84.3764269,2020
55,Bay-breasted Warbler,Setophaga castanea,2020-09-26 11:29,"Dave's Biosphere, 3809 Brier East,  Lexington KY",38.0155007,-84.3764269,2020
56,Belted Kingfisher,Megaceryle alcyon,2020-09-26 10:49,Big Bone Lick SP,38.8850856,-84.7508295,2020
57,Blue-winged Warbler,Vermivora cyanoptera,2020-09-26 10:49,Big Bone Lick SP,38.8850856,-84.7508295,2020
58,Hairy Woodpecker,Dryobates villosus,2020-09-26 10:47,Caperton Swamp Park,38.2900693,-85.6813307,2020
59,Red-tailed Hawk,Buteo jamaicensis,2020-09-26 10:34,"E.P. ""Tom"" Sawyer SP",38.2817914,-85.5584292,2020
60,House Wren,Troglodytes aedon,2020-09-26 10:34,"E.P. ""Tom"" Sawyer SP",38.2817914,-85.5584292,2020
61,Ovenbird,Seiurus aurocapilla,2020-09-26 10:34,"E.P. ""Tom"" Sawyer SP",38.2817914,-85.5584292,2020
62,Tennessee Warbler,Leiothlypis peregrina,2020-09-26 10:34,"E.P. ""Tom"" Sawyer SP",38.2817914,-85.5584292,2020
63,Common Yellowthroat,Geothlypis trichas,2020-09-26 10:34,"E.P. ""Tom"" Sawyer SP",38.2817914,-85.5584292,2020
64,Bay-breasted/Blackpoll Warbler,Setophaga castanea/striata,2020-09-26 10:34,"E.P. ""Tom"" Sawyer SP",38.2817914,-85.5584292,2020
65,Prairie Warbler,Setophaga discolor,2020-09-26 10:34,"E.P. ""Tom"" Sawyer SP",38.2817914,-85.5584292,2020
66,Indigo Bunting,Passerina cyanea,2020-09-26 10:29,Morning View Heritage Area,38.8234394,-84.454903,2020
67,Yellow-billed Cuckoo,Coccyzus americanus,2020-09-26 10:23,1714 Nightingale Court,38.21353,-85.71194,2020
68,Domestic goose sp. (Domestic type),Anser sp. (Domestic type),2020-09-26 10:11,Lake Barkley (Lyon Co.)--Eddy Creek Embayment (Coleman Bridge Vicinity),37.0377028,-87.9994833,2020
69,Ring-billed Gull,Larus delawarensis,2020-09-26 10:11,Lake Barkley (Lyon Co.)--Eddy Creek Embayment (Coleman Bridge Vicinity),37.0377028,-87.9994833,2020
70,Green Heron,Butorides virescens,2020-09-26 10:11,Lake Barkley (Lyon Co.)--Eddy Creek Embayment (Coleman Bridge Vicinity),37.0377028,-87.9994833,2020
71,Black-crowned Night-Heron,Nycticorax nycticorax,2020-09-26 10:11,Lake Barkley (Lyon Co.)--Eddy Creek Embayment (Coleman Bridge Vicinity),37.0377028,-87.9994833,2020
72,Fish Crow,Corvus ossifragus,2020-09-26 10:11,Lake Barkley (Lyon Co.)--Eddy Creek Embayment (Coleman Bridge Vicinity),37.0377028,-87.9994833,2020
73,swallow sp.,Hirundinidae sp.,2020-09-26 10:11,Lake Barkley (Lyon Co.)--Eddy Creek Embayment (Coleman Bridge Vicinity),37.0377028,-87.9994833,2020
74,Broad-winged Hawk,Buteo platypterus,2020-09-26 10:04,"W Manslick Rd, Louisville US-KY 38.12004, -85.79591",38.120039,-85.795913,2020
75,Wood Thrush,Hylocichla mustelina,2020-09-26 10:04,"W Manslick Rd, Louisville US-KY 38.12004, -85.79591",38.120039,-85.795913,2020
76,Acanthis/Spinus sp.,Acanthis/Spinus sp.,2020-09-26 10:04,"W Manslick Rd, Louisville US-KY 38.12004, -85.79591",38.120039,-85.795913,2020
77,Red-winged Blackbird,Agelaius phoeniceus,2020-09-26 10:04,"W Manslick Rd, Louisville US-KY 38.12004, -85.79591",38.120039,-85.795913,2020
78,Brown-headed Cowbird,Molothrus ater,2020-09-26 10:04,"W Manslick Rd, Louisville US-KY 38.12004, -85.79591",38.120039,-85.795913,2020
79,blackbird sp.,Icteridae sp.,2020-09-26 10:04,"W Manslick Rd, Louisville US-KY 38.12004, -85.79591",38.120039,-85.795913,2020
80,bird sp.,Aves sp.,2020-09-26 10:04,"W Manslick Rd, Louisville US-KY 38.12004, -85.79591",38.120039,-85.795913,2020
81,Swainson's Thrush,Catharus ustulatus,2020-09-26 10:02,Beargrass Creek State Nature Preserve,38.2112546,-85.7100682,2020
82,Double-crested Cormorant,Phalacrocorax auritus,2020-09-26 09:57,Van Buren Landing,37.9738181,-85.1580334,2020
83,Osprey,Pandion haliaetus,2020-09-26 09:57,Van Buren Landing,37.9738181,-85.1580334,2020
84,Blue Grosbeak,Passerina caerulea,2020-09-26 09:57,Van Buren Landing,37.9738181,-85.1580334,2020
85,Nashville Warbler,Leiothlypis ruficapilla,2020-09-26 09:39,"680 Kyles Ln, Fort Wright US-KY 39.04797, -84.53154",39.047969,-84.531536,2020
86,Rose-breasted Grosbeak,Pheucticus ludovicianus,2020-09-26 09:39,"680 Kyles Ln, Fort Wright US-KY 39.04797, -84.53154",39.047969,-84.531536,2020
87,Mallard,Anas platyrhynchos,2020-09-26 09:35,Horseshoe Rd. Sloughs (restricted access; roadside viewing),37.8818907,-87.8666514,2020
88,Horned Lark,Eremophila alpestris,2020-09-26 09:35,Horseshoe Rd. Sloughs (restricted access; roadside viewing),37.8818907,-87.8666514,2020
89,Northern Rough-winged Swallow,Stelgidopteryx serripennis,2020-09-26 09:35,Horseshoe Rd. Sloughs (restricted access; roadside viewing),37.8818907,-87.8666514,2020
90,Gray-cheeked Thrush,Catharus minimus,2020-09-26 09:34,Anchorage Trail,38.2666738,-85.5401262,2020
91,Yellow-throated Warbler,Setophaga dominica,2020-09-26 09:28,Barren River Lake--Tailwater Area,36.8951352,-86.1293364,2020
92,Scarlet Tanager,Piranga olivacea,2020-09-26 09:28,Barren River Lake--Tailwater Area,36.8951352,-86.1293364,2020
93,Mallard (Domestic type),Anas platyrhynchos (Domestic type),2020-09-26 09:25,Waverly Park,38.1316232,-85.8285043,2020
94,Ruby-crowned Kinglet,Regulus calendula,2020-09-26 09:16,Wilderness Trails Park,38.9680741,-84.4645965,2020
95,Yellow-throated Vireo,Vireo flavifrons,2020-09-26 09:10,Lake Barkley (Lyon Co.)--Boyd's Landing,37.0017644,-88.1659698,2020
96,Least Sandpiper,Calidris minutilla,2020-09-26 09:00,Falls of the Ohio National Wildlife Conservation Area (KY),38.2733354,-85.7657962,2020
97,Pectoral Sandpiper,Calidris melanotos,2020-09-26 09:00,Falls of the Ohio National Wildlife Conservation Area (KY),38.2733354,-85.7657962,2020
98,Semipalmated Sandpiper,Calidris pusilla,2020-09-26 09:00,Falls of the Ohio National Wildlife Conservation Area (KY),38.2733354,-85.7657962,2020
99,Spotted Sandpiper,Actitis macularius,2020-09-26 09:00,Falls of the Ohio National Wildlife Conservation Area (KY),38.2733354,-85.7657962,2020
100,Merlin,Falco columbarius,2020-09-26 09:00,Falls of the Ohio National Wildlife Conservation Area (KY),38.2733354,-85.7657962,2020
101,Mallard/American Black Duck,Anas platyrhynchos/rubripes,2020-09-26 08:39,"Waterfront Park, Louisville US-KY 38.26089, -85.74373",38.260892,-85.743725,2020
102,Blackburnian Warbler,Setophaga fusca,2020-09-26 08:39,Anchorage Trail,38.2666738,-85.5401262,2020
103,warbler sp. (Parulidae sp.),Parulidae sp.,2020-09-26 08:35,Logan Hubble Memorial Park,37.5866593,-84.6192012,2020
104,Great Crested Flycatcher,Myiarchus crinitus,2020-09-26 08:32,Caperton Swamp Park,38.2900693,-85.6813307,2020
105,Northern Waterthrush,Parkesia noveboracensis,2020-09-26 08:32,Caperton Swamp Park,38.2900693,-85.6813307,2020
106,Rock Pigeon,Columba livia,2020-09-26 08:30,Lexington Cemetery,38.0599186,-84.5085526,2020
107,Eastern Screech-Owl,Megascops asio,2020-09-26 08:30,Craigmoor Estates,38.19097,-84.63638,2020
108,Warbling Vireo,Vireo gilvus,2020-09-26 08:30,Craigmoor Estates,38.19097,-84.63638,2020
109,Pine Warbler,Setophaga pinus,2020-09-26 08:21,Barren River Lake--Quarry Rec. Area,36.8959589,-86.1207962,2020
110,Red-headed Woodpecker,Melanerpes erythrocephalus,2020-09-26 08:17,Dix river kayaking,37.63968,-84.672298,2020
111,American Kestrel,Falco sparverius,2020-09-26 08:17,Dix river kayaking,37.63968,-84.672298,2020
112,Canada Warbler,Cardellina canadensis,2020-09-26 07:58,Anchorage Trail,38.2666738,-85.5401262,2020
113,Northern Harrier,Circus hudsonius,2020-09-26 07:45,"Sloughs WMA, Sauerheber Unit",37.8488054,-87.7401166,2020
114,Wood Duck,Aix sponsa,2020-09-26 07:43,Nightingale CSO Basin (Post-2016),38.2144822,-85.7114928,2020
115,Wilson's Snipe,Gallinago delicata,2020-09-26 07:15,Harry King Rd,37.0582937,-85.9592628,2020
116,Solitary Sandpiper,Tringa solitaria,2020-09-26 07:15,Harry King Rd,37.0582937,-85.9592628,2020
117,Lesser Yellowlegs,Tringa flavipes,2020-09-26 07:15,Harry King Rd,37.0582937,-85.9592628,2020
118,Great Horned Owl,Bubo virginianus,2020-09-26 04:34,"45 S Harrig St, Madisonville US-KY 37.32659, -87.49254",37.326593,-87.492536,2020
119,Mourning Dove,Zenaida macroura,2019-09-26 21:50,"Land Between the Lakes (Trigg Co., KY)--Fenton Bridge Area",36.774505,-88.1089783,2019
120,Ruby-throated Hummingbird,Archilochus colubris,2019-09-26 21:50,"Land Between the Lakes (Trigg Co., KY)--Fenton Bridge Area",36.774505,-88.1089783,2019
121,Black Vulture,Coragyps atratus,2019-09-26 21:50,"Land Between the Lakes (Trigg Co., KY)--Fenton Bridge Area",36.774505,-88.1089783,2019
122,Turkey Vulture,Cathartes aura,2019-09-26 21:50,"Land Between the Lakes (Trigg Co., KY)--Fenton Bridge Area",36.774505,-88.1089783,2019
123,Bald Eagle,Haliaeetus leucocephalus,2019-09-26 21:50,"Land Between the Lakes (Trigg Co., KY)--Fenton Bridge Area",36.774505,-88.1089783,2019
124,Blue Jay,Cyanocitta cristata,2019-09-26 21:50,"Land Between the Lakes (Trigg Co., KY)--Fenton Bridge Area",36.774505,-88.1089783,2019
125,American Crow,Corvus brachyrhynchos,2019-09-26 21:50,"Land Between the Lakes (Trigg Co., KY)--Fenton Bridge Area",36.774505,-88.1089783,2019
126,Carolina Chickadee,Poecile carolinensis,2019-09-26 21:50,"Land Between the Lakes (Trigg Co., KY)--Fenton Bridge Area",36.774505,-88.1089783,2019
127,Tufted Titmouse,Baeolophus bicolor,2019-09-26 21:50,"Land Between the Lakes (Trigg Co., KY)--Fenton Bridge Area",36.774505,-88.1089783,2019
128,American Robin,Turdus migratorius,2019-09-26 21:50,"Land Between the Lakes (Trigg Co., KY)--Fenton Bridge Area",36.774505,-88.1089783,2019
129,Eastern Screech-Owl,Megascops asio,2019-09-26 21:05,"E.P. ""Tom"" Sawyer SP",38.2817914,-85.5584292,2019
130,Great Horned Owl,Bubo virginianus,2019-09-26 21:05,"E.P. ""Tom"" Sawyer SP",38.2817914,-85.5584292,2019
131,Pied-billed Grebe,Podilymbus podiceps,2019-09-26 19:36,"Hurricane Hills, Boston, Kentucky, US (37.831, -85.628)",37.8314879,-85.6280195,2019
132,Common Nighthawk,Chordeiles minor,2019-09-26 19:36,"Hurricane Hills, Boston, Kentucky, US (37.831, -85.628)",37.8314879,-85.6280195,2019
133,Great Blue Heron,Ardea herodias,2019-09-26 19:36,"Hurricane Hills, Boston, Kentucky, US (37.831, -85.628)",37.8314879,-85.6280195,2019
134,Green Heron,Butorides virescens,2019-09-26 19:36,"Hurricane Hills, Boston, Kentucky, US (37.831, -85.628)",37.8314879,-85.6280195,2019
135,Belted Kingfisher,Megaceryle alcyon,2019-09-26 19:36,"Hurricane Hills, Boston, Kentucky, US (37.831, -85.628)",37.8314879,-85.6280195,2019
136,Red-bellied Woodpecker,Melanerpes carolinus,2019-09-26 19:36,"Hurricane Hills, Boston, Kentucky, US (37.831, -85.628)",37.8314879,-85.6280195,2019
137,Downy Woodpecker,Dryobates pubescens,2019-09-26 19:36,"Hurricane Hills, Boston, Kentucky, US (37.831, -85.628)",37.8314879,-85.6280195,2019
138,Pileated Woodpecker,Dryocopus pileatus,2019-09-26 19:36,"Hurricane Hills, Boston, Kentucky, US (37.831, -85.628)",37.8314879,-85.6280195,2019
139,Northern Flicker,Colaptes auratus,2019-09-26 19:36,"Hurricane Hills, Boston, Kentucky, US (37.831, -85.628)",37.8314879,-85.6280195,2019
140,Rose-breasted Grosbeak,Pheucticus ludovicianus,2019-09-26 19:36,"Hurricane Hills, Boston, Kentucky, US (37.831, -85.628)",37.8314879,-85.6280195,2019
141,Canada Goose,Branta canadensis,2019-09-26 19:15,"Sutherland, Prospect, KY",38.3504434,-85.6149314,2019
142,Carolina Wren,Thryothorus ludovicianus,2019-09-26 19:15,"Sutherland, Prospect, KY",38.3504434,-85.6149314,2019
143,European Starling,Sturnus vulgaris,2019-09-26 19:15,"Sutherland, Prospect, KY",38.3504434,-85.6149314,2019
144,American Goldfinch,Spinus tristis,2019-09-26 19:15,"Sutherland, Prospect, KY",38.3504434,-85.6149314,2019
145,Common Grackle,Quiscalus quiscula,2019-09-26 19:15,"Sutherland, Prospect, KY",38.3504434,-85.6149314,2019
146,Northern Cardinal,Cardinalis cardinalis,2019-09-26 19:15,"Sutherland, Prospect, KY",38.3504434,-85.6149314,2019
147,Blue-winged Teal,Spatula discors,2019-09-26 18:45,Lawson-Poindexter Rd Farm Pond (restricted access; roadside viewing),36.64634,-87.2486007,2019
148,Mallard,Anas platyrhynchos,2019-09-26 18:45,Lawson-Poindexter Rd Farm Pond (restricted access; roadside viewing),36.64634,-87.2486007,2019
149,Black-necked Stilt,Himantopus mexicanus,2019-09-26 18:45,Lawson-Poindexter Rd Farm Pond (restricted access; roadside viewing),36.64634,-87.2486007,2019
150,Killdeer,Charadrius vociferus,2019-09-26 18:45,Lawson-Poindexter Rd Farm Pond (restricted access; roadside viewing),36.64634,-87.2486007,2019
151,Least Sandpiper,Calidris minutilla,2019-09-26 18:45,Lawson-Poindexter Rd Farm Pond (restricted access; roadside viewing),36.64634,-87.2486007,2019
152,Greater Yellowlegs,Tringa melanoleuca,2019-09-26 18:45,Lawson-Poindexter Rd Farm Pond (restricted access; roadside viewing),36.64634,-87.2486007,2019
153,Lesser Yellowlegs,Tringa flavipes,2019-09-26 18:45,Lawson-Poindexter Rd Farm Pond (restricted access; roadside viewing),36.64634,-87.2486007,2019
154,Eastern Meadowlark,Sturnella magna,2019-09-26 18:45,Lawson-Poindexter Rd Farm Pond (restricted access; roadside viewing),36.64634,-87.2486007,2019
155,Pectoral Sandpiper,Calidris melanotos,2019-09-26 18:38,Minor E Clark Fish Hatchery,38.1177106,-83.5470343,2019
156,Western Sandpiper,Calidris mauri,2019-09-26 18:38,Minor E Clark Fish Hatchery,38.1177106,-83.5470343,2019
157,Great Egret,Ardea alba,2019-09-26 18:38,Minor E Clark Fish Hatchery,38.1177106,-83.5470343,2019
158,Chimney Swift,Chaetura pelagica,2019-09-26 18:31,Veterans Memorial WMA,38.3046479,-84.5569965,2019
159,Eastern Wood-Pewee,Contopus virens,2019-09-26 18:31,Veterans Memorial WMA,38.3046479,-84.5569965,2019
160,Blue-headed Vireo,Vireo solitarius,2019-09-26 18:31,Veterans Memorial WMA,38.3046479,-84.5569965,2019
161,Gray Catbird,Dumetella carolinensis,2019-09-26 18:31,Veterans Memorial WMA,38.3046479,-84.5569965,2019
162,Swainson's Thrush,Catharus ustulatus,2019-09-26 18:31,Veterans Memorial WMA,38.3046479,-84.5569965,2019
163,Eastern Towhee,Pipilo erythrophthalmus,2019-09-26 18:31,Veterans Memorial WMA,38.3046479,-84.5569965,2019
164,Red-winged Blackbird,Agelaius phoeniceus,2019-09-26 18:31,Veterans Memorial WMA,38.3046479,-84.5569965,2019
165,American Redstart,Setophaga ruticilla,2019-09-26 18:31,Veterans Memorial WMA,38.3046479,-84.5569965,2019
166,Cape May Warbler,Setophaga tigrina,2019-09-26 18:31,Veterans Memorial WMA,38.3046479,-84.5569965,2019
167,Magnolia Warbler,Setophaga magnolia,2019-09-26 18:31,Veterans Memorial WMA,38.3046479,-84.5569965,2019
168,Bay-breasted Warbler,Setophaga castanea,2019-09-26 18:31,Veterans Memorial WMA,38.3046479,-84.5569965,2019
169,Blackburnian Warbler,Setophaga fusca,2019-09-26 18:31,Veterans Memorial WMA,38.3046479,-84.5569965,2019
170,Chestnut-sided Warbler,Setophaga pensylvanica,2019-09-26 18:31,Veterans Memorial WMA,38.3046479,-84.5569965,2019
171,Yellow-rumped Warbler,Setophaga coronata,2019-09-26 18:31,Veterans Memorial WMA,38.3046479,-84.5569965,2019
172,Yellow-throated Warbler,Setophaga dominica,2019-09-26 18:31,Veterans Memorial WMA,38.3046479,-84.5569965,2019
173,Black-throated Green Warbler,Setophaga virens,2019-09-26 18:31,Veterans Memorial WMA,38.3046479,-84.5569965,2019
174,Summer Tanager,Piranga rubra,2019-09-26 18:31,Veterans Memorial WMA,38.3046479,-84.5569965,2019
175,Red-tailed Hawk,Buteo jamaicensis,2019-09-26 18:20,Riverpointe,39.1106619,-84.4625473,2019
176,White-breasted Nuthatch,Sitta carolinensis,2019-09-26 18:20,Riverpointe,39.1106619,-84.4625473,2019
177,Northern Mockingbird,Mimus polyglottos,2019-09-26 18:20,Riverpointe,39.1106619,-84.4625473,2019
178,Song Sparrow,Melospiza melodia,2019-09-26 18:20,Riverpointe,39.1106619,-84.4625473,2019
179,Wood Duck,Aix sponsa,2019-09-26 18:12,"E.P. ""Tom"" Sawyer SP",38.2817914,-85.5584292,2019
180,Yellow-billed Cuckoo,Coccyzus americanus,2019-09-26 18:12,"E.P. ""Tom"" Sawyer SP",38.2817914,-85.5584292,2019
181,Eastern Phoebe,Sayornis phoebe,2019-09-26 18:12,"E.P. ""Tom"" Sawyer SP",38.2817914,-85.5584292,2019
182,Brown Thrasher,Toxostoma rufum,2019-09-26 18:12,"E.P. ""Tom"" Sawyer SP",38.2817914,-85.5584292,2019
183,Eastern Bluebird,Sialia sialis,2019-09-26 18:12,"E.P. ""Tom"" Sawyer SP",38.2817914,-85.5584292,2019
184,House Finch,Haemorhous mexicanus,2019-09-26 18:12,"E.P. ""Tom"" Sawyer SP",38.2817914,-85.5584292,2019
185,Orange-crowned Warbler,Leiothlypis celata,2019-09-26 18:12,"E.P. ""Tom"" Sawyer SP",38.2817914,-85.5584292,2019
186,Eurasian Collared-Dove,Streptopelia decaocto,2019-09-26 17:50,Frogue Pond (restricted access; roadside viewing),36.75972,-87.16924,2019
187,Spotted Sandpiper,Actitis macularius,2019-09-26 17:50,Frogue Pond (restricted access; roadside viewing),36.75972,-87.16924,2019
188,Double-crested Cormorant,Phalacrocorax auritus,2019-09-26 17:50,Frogue Pond (restricted access; roadside viewing),36.75972,-87.16924,2019
189,Loggerhead Shrike,Lanius ludovicianus,2019-09-26 17:50,Frogue Pond (restricted access; roadside viewing),36.75972,-87.16924,2019
190,White-eyed Vireo,Vireo griseus,2019-09-26 17:22,"450 Jess Large Rd, Waynesburg US-KY (37.3788,-84.6312)",37.378819,-84.631248,2019
191,Tennessee Warbler,Leiothlypis peregrina,2019-09-26 17:22,"450 Jess Large Rd, Waynesburg US-KY (37.3788,-84.6312)",37.378819,-84.631248,2019
192,Indigo Bunting,Passerina cyanea,2019-09-26 17:22,"450 Jess Large Rd, Waynesburg US-KY (37.3788,-84.6312)",37.378819,-84.631248,2019
193,Northern Harrier,Circus hudsonius,2019-09-26 17:00,"Home - 3601 Schochoh Rd, Adairville US-KY (36.7183,-86.8034)",36.718319,-86.80342,2019
194,Red-headed Woodpecker,Melanerpes erythrocephalus,2019-09-26 17:00,"Home - 3601 Schochoh Rd, Adairville US-KY (36.7183,-86.8034)",36.718319,-86.80342,2019
195,Hairy Woodpecker,Dryobates villosus,2019-09-26 17:00,Anchorage Trail,38.2666738,-85.5401262,2019
196,Least Flycatcher,Empidonax minimus,2019-09-26 17:00,Anchorage Trail,38.2666738,-85.5401262,2019
197,Northern Rough-winged Swallow,Stelgidopteryx serripennis,2019-09-26 17:00,"Home - 3601 Schochoh Rd, Adairville US-KY (36.7183,-86.8034)",36.718319,-86.80342,2019
198,Cliff Swallow,Petrochelidon pyrrhonota,2019-09-26 17:00,"Home - 3601 Schochoh Rd, Adairville US-KY (36.7183,-86.8034)",36.718319,-86.80342,2019
199,Blue-gray Gnatcatcher,Polioptila caerulea,2019-09-26 17:00,Anchorage Trail,38.2666738,-85.5401262,2019
200,House Wren,Troglodytes aedon,2019-09-26 17:00,Anchorage Trail,38.2666738,-85.5401262,2019
201,Cedar Waxwing,Bombycilla cedrorum,2019-09-26 17:00,Anchorage Trail,38.2666738,-85.5401262,2019
202,Lincoln's Sparrow,Melospiza lincolnii,2019-09-26 17:00,Anchorage Trail,38.2666738,-85.5401262,2019
203,Ovenbird,Seiurus aurocapilla,2019-09-26 17:00,Anchorage Trail,38.2666738,-85.5401262,2019
204,Rock Pigeon,Columba livia,2019-09-26 16:55,US-KY-Trenton-3240 Clarksville Rd - 36.6830x-87.2918,36.683011,-87.291785,2019
205,Semipalmated Sandpiper,Calidris pusilla,2019-09-26 16:55,US-KY-Trenton-3240 Clarksville Rd - 36.6830x-87.2918,36.683011,-87.291785,2019
206,American Kestrel,Falco sparverius,2019-09-26 16:55,US-KY-Trenton-3240 Clarksville Rd - 36.6830x-87.2918,36.683011,-87.291785,2019
207,Tree Swallow,Tachycineta bicolor,2019-09-26 16:55,US-KY-Trenton-3240 Clarksville Rd - 36.6830x-87.2918,36.683011,-87.291785,2019
208,Barn Swallow,Hirundo rustica,2019-09-26 16:55,US-KY-Trenton-3240 Clarksville Rd - 36.6830x-87.2918,36.683011,-87.291785,2019
209,Red-eyed Vireo,Vireo olivaceus,2019-09-26 16:48,Shaker Village of Pleasant Hill,37.8217854,-84.7391796,2019
210,Field Sparrow,Spizella pusilla,2019-09-26 16:48,Shaker Village of Pleasant Hill,37.8217854,-84.7391796,2019
211,Black-and-white Warbler,Mniotilta varia,2019-09-26 16:48,Shaker Village of Pleasant Hill,37.8217854,-84.7391796,2019
212,Nashville Warbler,Leiothlypis ruficapilla,2019-09-26 16:48,Shaker Village of Pleasant Hill,37.8217854,-84.7391796,2019
213,Common Yellowthroat,Geothlypis trichas,2019-09-26 16:48,Shaker Village of Pleasant Hill,37.8217854,-84.7391796,2019
214,Black-crowned Night-Heron,Nycticorax nycticorax,2019-09-26 16:00,Caperton Swamp Park,38.2900693,-85.6813307,2019
215,Philadelphia Vireo,Vireo philadelphicus,2019-09-26 16:00,Caperton Swamp Park,38.2900693,-85.6813307,2019
216,Chipping Sparrow,Spizella passerina,2019-09-26 14:00,glasgow,37.0406761,-85.9192657,2019
217,Northern Parula,Setophaga americana,2019-09-26 14:00,glasgow,37.0406761,-85.9192657,2019
218,Ring-billed Gull,Larus delawarensis,2019-09-26 13:28,Crappie Hollow (Blood River),36.5777315,-88.1470238,2019
219,Snowy Egret,Egretta thula,2019-09-26 13:28,Crappie Hollow (Blood River),36.5777315,-88.1470238,2019
220,Red-shouldered Hawk,Buteo lineatus,2019-09-26 13:28,Crappie Hollow (Blood River),36.5777315,-88.1470238,2019
221,Fish Crow,Corvus ossifragus,2019-09-26 13:28,Crappie Hollow (Blood River),36.5777315,-88.1470238,2019
222,House Sparrow,Passer domesticus,2019-09-26 13:15,"Townley Park, Lexington",38.0655841,-84.5305037,2019
223,Broad-winged Hawk,Buteo platypterus,2019-09-26 10:49,"41005, Burlington US-KY (39.0522,-84.7130)",39.052196,-84.712972,2019
224,Gray-cheeked Thrush,Catharus minimus,2019-09-26 10:19,Anchorage Trail,38.2666738,-85.5401262,2019
225,Empidonax sp.,Empidonax sp.,2019-09-26 10:16,T. N. Sullivan WMA,38.2795458,-84.8302031,2019
226,Brown-headed Cowbird,Molothrus ater,2019-09-26 10:16,T. N. Sullivan WMA,38.2795458,-84.8302031,2019
227,Palm Warbler,Setophaga palmarum,2019-09-26 10:16,T. N. Sullivan WMA,38.2795458,-84.8302031,2019
228,Domestic goose sp. (Domestic type),Anser sp. (Domestic type),2019-09-26 09:03,Fishing Creek Rec. Area,37.0715492,-84.6894257,2019
229,American Golden-Plover,Pluvialis dominica,2019-09-26 09:03,Fishing Creek Rec. Area,37.0715492,-84.6894257,2019
230,Osprey,Pandion haliaetus,2019-09-26 09:03,Fishing Creek Rec. Area,37.0715492,-84.6894257,2019
231,Peregrine Falcon,Falco peregrinus,2019-09-26 09:03,Fishing Creek Rec. Area,37.0715492,-84.6894257,2019
232,Pine Warbler,Setophaga pinus,2019-09-26 09:03,Fishing Creek Rec. Area,37.0715492,-84.6894257,2019
233,vireo sp.,Vireo sp.,2019-09-26 09:00,Pennyrile Energy Mitigation 1,37.6434182,-87.408113,2019
234,Horned Lark,Eremophila alpestris,2019-09-26 09:00,Pennyrile Energy Mitigation 1,37.6434182,-87.408113,2019
235,Yellow-breasted Chat,Icteria virens,2019-09-26 09:00,Pennyrile Energy Mitigation 1,37.6434182,-87.408113,2019
236,Baltimore Oriole,Icterus galbula,2019-09-26 09:00,Pennyrile Energy Mitigation 1,37.6434182,-87.408113,2019
237,warbler sp. (Parulidae sp.),Parulidae sp.,2019-09-26 09:00,Pennyrile Energy Mitigation 1,37.6434182,-87.408113,2019
238,Warbling Vireo,Vireo gilvus,2019-09-26 08:45,Rose Hill,38.3393673,-85.3680611,2019
239,Solitary Sandpiper,Tringa solitaria,2019-09-26 08:36,Minor E Clark Fish Hatchery,38.1177106,-83.5470343,2019
240,Hooded Warbler,Setophaga citrina,2019-09-26 08:36,Minor E Clark Fish Hatchery,38.1177106,-83.5470343,2019
241,Wild Turkey,Meleagris gallopavo,2019-09-26 08:30,Louisville Water Company Ponds (park ONLY between the basins past the bottom of the hill),38.3442992,-85.6367153,2019
242,Cooper's Hawk,Accipiter cooperii,2019-09-26 08:29,Harrods Creek Park,38.3409411,-85.6000521,2019
243,Yellow-throated Vireo,Vireo flavifrons,2019-09-26 08:29,Harrods Creek Park,38.3409411,-85.6000521,2019
244,Wood Thrush,Hylocichla mustelina,2019-09-26 08:29,Harrods Creek Park,38.3409411,-85.6000521,2019
245,Scarlet Tanager,Piranga olivacea,2019-09-26 08:05,Logan Hubble Memorial Park,37.5866593,-84.6192012,2019
246,Wilson's Snipe,Gallinago delicata,2019-09-26 08:02,South Beargrass Creek Retention Basin,38.1964394,-85.6685563,2019
247,Muscovy Duck (Domestic type),Cairina moschata (Domestic type),2019-09-26 07:59,Long Run Park,38.2667035,-85.4178429,2019
248,Buteo sp.,Buteo sp.,2019-09-26 07:59,Long Run Park,38.2667035,-85.4178429,2019
249,Sharp-shinned Hawk,Accipiter striatus,2019-09-26 07:30,"Land Between the Lakes (Trigg Co., KY)--Hematite Lake",36.8978473,-88.0428691,2019
250,Barred Owl,Strix varia,2019-09-26 07:30,"Land Between the Lakes (Trigg Co., KY)--Hematite Lake",36.8978473,-88.0428691,2019
251,Great Crested Flycatcher,Myiarchus crinitus,2019-09-26 07:30,"Land Between the Lakes (Trigg Co., KY)--Hematite Lake",36.8978473,-88.0428691,2019
252,Marsh Wren,Cistothorus palustris,2019-09-26 07:30,"Land Between the Lakes (Trigg Co., KY)--Hematite Lake",36.8978473,-88.0428691,2019
253,Yellow Warbler,Setophaga petechia,2019-09-26 07:30,"Land Between the Lakes (Trigg Co., KY)--Hematite Lake",36.8978473,-88.0428691,2019
254,Savannah Sparrow,Passerculus sandwichensis,2019-09-26,Surrey Hills Farm (restricted access),38.2831032,-85.6045228,2019
255,Bobolink,Dolichonyx oryzivorus,2019-09-26,Surrey Hills Farm (restricted access),38.2831032,-85.6045228,2019
256,Eastern Screech-Owl,Megascops asio,2018-09-26 21:25,Wilmore--203 Hutchins Dr.,37.8691547,-84.6599673,2018
257,Barred Owl,Strix varia,2018-09-26 21:00,Personal Location,37.9863205,-85.6600785,2018
258,Chimney Swift,Chaetura pelagica,2018-09-26 19:45,Township Square,38.0351096,-84.899766,2018
259,Ruby-throated Hummingbird,Archilochus colubris,2018-09-26 19:21, Arnoldtown Road - neighborhood,38.1297011,-85.808402,2018
260,Carolina Chickadee,Poecile carolinensis,2018-09-26 19:21, Arnoldtown Road - neighborhood,38.1297011,-85.808402,2018
261,Northern Cardinal,Cardinalis cardinalis,2018-09-26 19:21, Arnoldtown Road - neighborhood,38.1297011,-85.808402,2018
262,Canada Goose,Branta canadensis,2018-09-26 19:15,Arthur K. Draut Park,38.2425283,-85.6308532,2018
263,Mourning Dove,Zenaida macroura,2018-09-26 19:15,Arthur K. Draut Park,38.2425283,-85.6308532,2018
264,Red-bellied Woodpecker,Melanerpes carolinus,2018-09-26 19:15,Arthur K. Draut Park,38.2425283,-85.6308532,2018
265,Downy Woodpecker,Dryobates pubescens,2018-09-26 19:15,Arthur K. Draut Park,38.2425283,-85.6308532,2018
266,Northern Flicker,Colaptes auratus,2018-09-26 19:15,Arthur K. Draut Park,38.2425283,-85.6308532,2018
267,Eastern Phoebe,Sayornis phoebe,2018-09-26 19:15,Arthur K. Draut Park,38.2425283,-85.6308532,2018
268,Blue Jay,Cyanocitta cristata,2018-09-26 19:15,Arthur K. Draut Park,38.2425283,-85.6308532,2018
269,American Crow,Corvus brachyrhynchos,2018-09-26 19:15,Arthur K. Draut Park,38.2425283,-85.6308532,2018
270,Palm Warbler,Setophaga palmarum,2018-09-26 19:15,Arthur K. Draut Park,38.2425283,-85.6308532,2018
271,Rose-breasted Grosbeak,Pheucticus ludovicianus,2018-09-26 19:15,Arthur K. Draut Park,38.2425283,-85.6308532,2018
272,Carolina Wren,Thryothorus ludovicianus,2018-09-26 19:00,524 Rosemont backyard feeder,38.0226164,-84.5303287,2018
273,Pileated Woodpecker,Dryocopus pileatus,2018-09-26 18:40,Personal Location,37.9863205,-85.6600785,2018
274,Eastern Bluebird,Sialia sialis,2018-09-26 18:40,Personal Location,37.9863205,-85.6600785,2018
275,Black Vulture,Coragyps atratus,2018-09-26 18:30,245 - Deatsville/Cox's Creek,37.8968987,-85.5650371,2018
276,Turkey Vulture,Cathartes aura,2018-09-26 18:30,245 - Deatsville/Cox's Creek,37.8968987,-85.5650371,2018
277,American Kestrel,Falco sparverius,2018-09-26 18:30,245 - Deatsville/Cox's Creek,37.8968987,-85.5650371,2018
278,Northern Mockingbird,Mimus polyglottos,2018-09-26 18:30,245 - Deatsville/Cox's Creek,37.8968987,-85.5650371,2018
279,House Finch,Haemorhous mexicanus,2018-09-26 18:30,245 - Deatsville/Cox's Creek,37.8968987,-85.5650371,2018
280,Wood Duck,Aix sponsa,2018-09-26 18:04,Brown Park,38.2395022,-85.6352808,2018
281,Mallard,Anas platyrhynchos,2018-09-26 18:04,Brown Park,38.2395022,-85.6352808,2018
282,Eastern Wood-Pewee,Contopus virens,2018-09-26 18:04,Brown Park,38.2395022,-85.6352808,2018
283,Tufted Titmouse,Baeolophus bicolor,2018-09-26 18:04,Brown Park,38.2395022,-85.6352808,2018
284,European Starling,Sturnus vulgaris,2018-09-26 17:58,1346 Clear Creek Rd,37.902777,-84.6458521,2018
285,Gray Catbird,Dumetella carolinensis,2018-09-26 17:58,1346 Clear Creek Rd,37.902777,-84.6458521,2018
286,American Robin,Turdus migratorius,2018-09-26 17:58,1346 Clear Creek Rd,37.902777,-84.6458521,2018
287,American Goldfinch,Spinus tristis,2018-09-26 17:58,1346 Clear Creek Rd,37.902777,-84.6458521,2018
288,Field Sparrow,Spizella pusilla,2018-09-26 17:58,1346 Clear Creek Rd,37.902777,-84.6458521,2018
289,Song Sparrow,Melospiza melodia,2018-09-26 17:58,1346 Clear Creek Rd,37.902777,-84.6458521,2018
290,Red-winged Blackbird,Agelaius phoeniceus,2018-09-26 17:58,1346 Clear Creek Rd,37.902777,-84.6458521,2018
291,Common Grackle,Quiscalus quiscula,2018-09-26 17:58,1346 Clear Creek Rd,37.902777,-84.6458521,2018
292,Nashville Warbler,Leiothlypis ruficapilla,2018-09-26 17:58,1346 Clear Creek Rd,37.902777,-84.6458521,2018
293,Indigo Bunting,Passerina cyanea,2018-09-26 17:58,1346 Clear Creek Rd,37.902777,-84.6458521,2018
294,Killdeer,Charadrius vociferus,2018-09-26 17:45,US-KY-Louisville-The Paddock Fields,38.283719,-85.499069,2018
295,Least Flycatcher,Empidonax minimus,2018-09-26 17:45,Harrods Creek Park,38.3409411,-85.6000521,2018
296,Yellow-throated Vireo,Vireo flavifrons,2018-09-26 17:45,Harrods Creek Park,38.3409411,-85.6000521,2018
297,Red-eyed Vireo,Vireo olivaceus,2018-09-26 17:45,Harrods Creek Park,38.3409411,-85.6000521,2018
298,White-breasted Nuthatch,Sitta carolinensis,2018-09-26 17:45,Harrods Creek Park,38.3409411,-85.6000521,2018
299,Tennessee Warbler,Leiothlypis peregrina,2018-09-26 17:45,Harrods Creek Park,38.3409411,-85.6000521,2018
300,Magnolia Warbler,Setophaga magnolia,2018-09-26 17:45,Harrods Creek Park,38.3409411,-85.6000521,2018
301,Chestnut-sided Warbler,Setophaga pensylvanica,2018-09-26 17:45,Harrods Creek Park,38.3409411,-85.6000521,2018
302,Black-throated Green Warbler,Setophaga virens,2018-09-26 17:45,Harrods Creek Park,38.3409411,-85.6000521,2018
303,Summer Tanager,Piranga rubra,2018-09-26 17:45,Harrods Creek Park,38.3409411,-85.6000521,2018
304,Cooper's Hawk,Accipiter cooperii,2018-09-26 17:11,US-Kentucky-Windy Hills,38.267371,-85.6295241,2018
305,House Sparrow,Passer domesticus,2018-09-26 17:11,US-Kentucky-Windy Hills,38.267371,-85.6295241,2018
306,Least Sandpiper,Calidris minutilla,2018-09-26 16:55,Barren River Lake--Bailey's Point,36.8864831,-86.0959637,2018
307,Ring-billed Gull,Larus delawarensis,2018-09-26 16:55,Barren River Lake--Bailey's Point,36.8864831,-86.0959637,2018
308,Herring Gull,Larus argentatus,2018-09-26 16:55,Barren River Lake--Bailey's Point,36.8864831,-86.0959637,2018
309,Caspian Tern,Hydroprogne caspia,2018-09-26 16:55,Barren River Lake--Bailey's Point,36.8864831,-86.0959637,2018
310,Common Tern,Sterna hirundo,2018-09-26 16:55,Barren River Lake--Bailey's Point,36.8864831,-86.0959637,2018
311,Forster's Tern,Sterna forsteri,2018-09-26 16:55,Barren River Lake--Bailey's Point,36.8864831,-86.0959637,2018
312,Double-crested Cormorant,Phalacrocorax auritus,2018-09-26 16:55,Barren River Lake--Bailey's Point,36.8864831,-86.0959637,2018
313,Bald Eagle,Haliaeetus leucocephalus,2018-09-26 16:55,Barren River Lake--Bailey's Point,36.8864831,-86.0959637,2018
314,Northern Parula,Setophaga americana,2018-09-26 16:55,Barren River Lake--Bailey's Point,36.8864831,-86.0959637,2018
315,Great Blue Heron,Ardea herodias,2018-09-26 16:23,Van Buren Landing,37.9738181,-85.1580334,2018
316,Great Egret,Ardea alba,2018-09-26 16:23,Van Buren Landing,37.9738181,-85.1580334,2018
317,Yellow-bellied Sapsucker,Sphyrapicus varius,2018-09-26 16:23,Van Buren Landing,37.9738181,-85.1580334,2018
318,Swainson's Thrush,Catharus ustulatus,2018-09-26 16:23,Van Buren Landing,37.9738181,-85.1580334,2018
319,Belted Kingfisher,Megaceryle alcyon,2018-09-26 16:20,Barren Lake Dam Observation Deck,36.89632,-86.1241047,2018
320,Red-headed Woodpecker,Melanerpes erythrocephalus,2018-09-26 16:20,Barren Lake Dam Observation Deck,36.89632,-86.1241047,2018
321,American Redstart,Setophaga ruticilla,2018-09-26 16:01,Douglass Hills,38.2370593,-85.5583772,2018
322,Wilson's Warbler,Cardellina pusilla,2018-09-26 16:01,Douglass Hills,38.2370593,-85.5583772,2018
323,Red-tailed Hawk,Buteo jamaicensis,2018-09-26 15:37,"11895 Newstead Rd, Hopkinsville US-KY (36.7901,-87.6402)",36.790098,-87.640219,2018
324,Eurasian Collared-Dove,Streptopelia decaocto,2018-09-26 15:35,"5920–6112 Gracey Herndon Rd, Hopkinsville US-KY (36.7987,-87.6301)",36.798733,-87.630129,2018
325,House Wren,Troglodytes aedon,2018-09-26 15:30,Seneca Park,38.238888,-85.6762362,2018
326,Golden-winged Warbler,Vermivora chrysoptera,2018-09-26 15:30,Seneca Park,38.238888,-85.6762362,2018
327,Black-and-white Warbler,Mniotilta varia,2018-09-26 15:30,Seneca Park,38.238888,-85.6762362,2018
328,Rock Pigeon,Columba livia,2018-09-26 15:26,Northern Kentucky University,39.0317224,-84.4645429,2018
329,Domestic goose sp. (Domestic type),Anser sp. (Domestic type),2018-09-26 15:25,"9521–10141 Swift Ford Rd, Herndon US-KY (36.7557,-87.5886)",36.755675,-87.588607,2018
330,Red-shouldered Hawk,Buteo lineatus,2018-09-26 15:25,"9521–10141 Swift Ford Rd, Herndon US-KY (36.7557,-87.5886)",36.755675,-87.588607,2018
331,Brown Thrasher,Toxostoma rufum,2018-09-26 15:25,"9521–10141 Swift Ford Rd, Herndon US-KY (36.7557,-87.5886)",36.755675,-87.588607,2018
332,Chipping Sparrow,Spizella passerina,2018-09-26 15:25,"9521–10141 Swift Ford Rd, Herndon US-KY (36.7557,-87.5886)",36.755675,-87.588607,2018
333,Pied-billed Grebe,Podilymbus podiceps,2018-09-26 15:15,"10398–10406 Lafayette Rd, Herndon US-KY (36.7400,-87.5592)",36.739965,-87.559176,2018
334,Eastern Meadowlark,Sturnella magna,2018-09-26 15:15,"10398–10406 Lafayette Rd, Herndon US-KY (36.7400,-87.5592)",36.739965,-87.559176,2018
335,Northern Bobwhite,Colinus virginianus,2018-09-26 15:00,Laketon Boat Ramp Area (River Rd. to Co. Rd. 1308),36.8548119,-89.1274163,2018
336,Yellow-billed Cuckoo,Coccyzus americanus,2018-09-26 15:00,Laketon Boat Ramp Area (River Rd. to Co. Rd. 1308),36.8548119,-89.1274163,2018
337,American White Pelican,Pelecanus erythrorhynchos,2018-09-26 15:00,Laketon Boat Ramp Area (River Rd. to Co. Rd. 1308),36.8548119,-89.1274163,2018
338,Snowy Egret,Egretta thula,2018-09-26 15:00,Laketon Boat Ramp Area (River Rd. to Co. Rd. 1308),36.8548119,-89.1274163,2018
339,Broad-winged Hawk,Buteo platypterus,2018-09-26 15:00,Laketon Boat Ramp Area (River Rd. to Co. Rd. 1308),36.8548119,-89.1274163,2018
340,Peregrine Falcon,Falco peregrinus,2018-09-26 15:00,Laketon Boat Ramp Area (River Rd. to Co. Rd. 1308),36.8548119,-89.1274163,2018
341,Acadian Flycatcher,Empidonax virescens,2018-09-26 15:00,Laketon Boat Ramp Area (River Rd. to Co. Rd. 1308),36.8548119,-89.1274163,2018
342,Great Crested Flycatcher,Myiarchus crinitus,2018-09-26 15:00,Laketon Boat Ramp Area (River Rd. to Co. Rd. 1308),36.8548119,-89.1274163,2018
343,White-eyed Vireo,Vireo griseus,2018-09-26 15:00,Laketon Boat Ramp Area (River Rd. to Co. Rd. 1308),36.8548119,-89.1274163,2018
344,Northern Rough-winged Swallow,Stelgidopteryx serripennis,2018-09-26 15:00,Laketon Boat Ramp Area (River Rd. to Co. Rd. 1308),36.8548119,-89.1274163,2018
345,Tree Swallow,Tachycineta bicolor,2018-09-26 15:00,Laketon Boat Ramp Area (River Rd. to Co. Rd. 1308),36.8548119,-89.1274163,2018
346,Blue-gray Gnatcatcher,Polioptila caerulea,2018-09-26 15:00,Laketon Boat Ramp Area (River Rd. to Co. Rd. 1308),36.8548119,-89.1274163,2018
347,Baltimore Oriole,Icterus galbula,2018-09-26 15:00,Laketon Boat Ramp Area (River Rd. to Co. Rd. 1308),36.8548119,-89.1274163,2018
348,Brown-headed Cowbird,Molothrus ater,2018-09-26 15:00,Laketon Boat Ramp Area (River Rd. to Co. Rd. 1308),36.8548119,-89.1274163,2018
349,Ovenbird,Seiurus aurocapilla,2018-09-26 15:00,Laketon Boat Ramp Area (River Rd. to Co. Rd. 1308),36.8548119,-89.1274163,2018
350,Warbling Vireo,Vireo gilvus,2018-09-26 14:57,"Blue Licks Battlefield St Park, Mount Olivet US-KY (38.4304,-83.9934)",38.430405,-83.993406,2018
351,Pine Warbler,Setophaga pinus,2018-09-26 14:57,"Blue Licks Battlefield St Park, Mount Olivet US-KY (38.4304,-83.9934)",38.430405,-83.993406,2018
352,Scarlet Tanager,Piranga olivacea,2018-09-26 14:57,"Blue Licks Battlefield St Park, Mount Olivet US-KY (38.4304,-83.9934)",38.430405,-83.993406,2018
353,Gray-cheeked Thrush,Catharus minimus,2018-09-26 14:13,US-KY-Louisville-2157 Tyler Ln,38.217127,-85.679091,2018
354,Bay-breasted Warbler,Setophaga castanea,2018-09-26 13:56,Lexington Cemetery,38.0599186,-84.5085526,2018
355,Blue-winged Teal,Spatula discors,2018-09-26 13:45,Minor E Clark Fish Hatchery,38.1177106,-83.5470343,2018
356,Semipalmated Plover,Charadrius semipalmatus,2018-09-26 13:45,Minor E Clark Fish Hatchery,38.1177106,-83.5470343,2018
357,Semipalmated Sandpiper,Calidris pusilla,2018-09-26 13:45,Minor E Clark Fish Hatchery,38.1177106,-83.5470343,2018
358,Spotted Sandpiper,Actitis macularius,2018-09-26 13:45,Minor E Clark Fish Hatchery,38.1177106,-83.5470343,2018
359,Solitary Sandpiper,Tringa solitaria,2018-09-26 13:45,Minor E Clark Fish Hatchery,38.1177106,-83.5470343,2018
360,Greater Yellowlegs,Tringa melanoleuca,2018-09-26 13:45,Minor E Clark Fish Hatchery,38.1177106,-83.5470343,2018
361,Wild Turkey,Meleagris gallopavo,2018-09-26 13:25,Myer Creek Park,37.5456,-87.250108,2018
362,Hairy Woodpecker,Dryobates villosus,2018-09-26 13:25,Myer Creek Park,37.5456,-87.250108,2018
363,Barn Swallow,Hirundo rustica,2018-09-26 13:25,Myer Creek Park,37.5456,-87.250108,2018
364,Cedar Waxwing,Bombycilla cedrorum,2018-09-26 13:25,Myer Creek Park,37.5456,-87.250108,2018
365,Yellow-throated Warbler,Setophaga dominica,2018-09-26 13:25,Myer Creek Park,37.5456,-87.250108,2018
366,Eastern Towhee,Pipilo erythrophthalmus,2018-09-26 13:21,Stockdell Road,38.3295089,-84.631522,2018
367,Common Yellowthroat,Geothlypis trichas,2018-09-26 13:21,Stockdell Road,38.3295089,-84.631522,2018
368,Yellow-breasted Chat,Icteria virens,2018-09-26 12:15,"E.P. ""Tom"" Sawyer SP",38.2817914,-85.5584292,2018
369,Hooded Warbler,Setophaga citrina,2018-09-26 12:15,"E.P. ""Tom"" Sawyer SP",38.2817914,-85.5584292,2018
370,Prairie Warbler,Setophaga discolor,2018-09-26 12:05,Lost River Cave,36.9526183,-86.4706045,2018
371,Yellow-rumped Warbler,Setophaga coronata,2018-09-26 11:48,Onton Mine #9 (restricted access; roadside viewing),37.585168,-87.473481,2018
372,Philadelphia Vireo,Vireo philadelphicus,2018-09-26 11:39,Logan Hubble Memorial Park,37.5866593,-84.6192012,2018
373,Veery,Catharus fuscescens,2018-09-26 11:39,Logan Hubble Memorial Park,37.5866593,-84.6192012,2018
374,Cape May Warbler,Setophaga tigrina,2018-09-26 11:39,Logan Hubble Memorial Park,37.5866593,-84.6192012,2018
375,duck sp.,Anatinae sp.,2018-09-26 10:54,Chimney Rock Marina,37.750694,-84.7062273,2018
376,Yellow-bellied Flycatcher,Empidonax flaviventris,2018-09-26 10:32,Craigmoor Estates,38.19097,-84.63638,2018
377,Blue-winged Warbler,Vermivora cyanoptera,2018-09-26 10:32,Craigmoor Estates,38.19097,-84.63638,2018
378,Canada Warbler,Cardellina canadensis,2018-09-26 10:32,Craigmoor Estates,38.19097,-84.63638,2018
379,Osprey,Pandion haliaetus,2018-09-26 10:30,Cedar Creek Lake,37.4865733,-84.548378,2018
380,Blackburnian Warbler,Setophaga fusca,2018-09-26 10:30,Cedar Creek Lake,37.4865733,-84.548378,2018
381,Blue Grosbeak,Passerina caerulea,2018-09-26 10:30,Cedar Creek Lake,37.4865733,-84.548378,2018
382,Common Nighthawk,Chordeiles minor,2018-09-26 10:00,Douglass Hills,38.2370593,-85.5583772,2018
383,Black Tern,Chlidonias niger,2018-09-26 10:00,Wolf Creek Dam,36.8664273,-85.1418409,2018
384,Common Loon,Gavia immer,2018-09-26 10:00,Wolf Creek Dam,36.8664273,-85.1418409,2018
385,American Bittern,Botaurus lentiginosus,2018-09-26 10:00,Diamond Links Golf Course,38.343982,-82.703568,2018
386,Red-breasted Nuthatch,Sitta canadensis,2018-09-26 10:00,Douglass Hills,38.2370593,-85.5583772,2018
387,Ring-necked Duck,Aythya collaris,2018-09-26 09:55,Frogue Pond (restricted access; roadside viewing),36.75972,-87.16924,2018
388,Lesser Yellowlegs,Tringa flavipes,2018-09-26 09:55,Frogue Pond (restricted access; roadside viewing),36.75972,-87.16924,2018
389,swallow sp.,Hirundinidae sp.,2018-09-26 09:32,Nettleroth Bird Sanctuary,38.2400677,-85.6917715,2018
390,Wood Thrush,Hylocichla mustelina,2018-09-26 09:15,Figett Bend Road,37.312442,-85.7394534,2018
391,Orange-crowned Warbler,Leiothlypis celata,2018-09-26 09:15,Figett Bend Road,37.312442,-85.7394534,2018
392,Black-throated Blue Warbler,Setophaga caerulescens,2018-09-26 09:15,Figett Bend Road,37.312442,-85.7394534,2018
393,Green Heron,Butorides virescens,2018-09-26 09:00,Surrey Hills Farm (restricted access),38.2831032,-85.6045228,2018
394,Northern Harrier,Circus hudsonius,2018-09-26 09:00,Surrey Hills Farm (restricted access),38.2831032,-85.6045228,2018
395,Sharp-shinned/Cooper's Hawk,Accipiter striatus/cooperii,2018-09-26 09:00,Surrey Hills Farm (restricted access),38.2831032,-85.6045228,2018
396,Great Horned Owl,Bubo virginianus,2018-09-26 09:00,Surrey Hills Farm (restricted access),38.2831032,-85.6045228,2018
397,Empidonax sp.,Empidonax sp.,2018-09-26 09:00,Cherokee Park,38.2390228,-85.6961489,2018
398,Bald Eagle,Haliaeetus leucocephalus,2017-09-26 18:00,"Rockcastle River, Jackson County, Kentucky",37.334636,-84.127362,2017
399,Ring-billed Gull,Larus delawarensis,2017-09-26 17:45,"Land Between the Lakes (Trigg Co., KY)",36.7930699,-88.0410061,2017
400,Broad-winged Hawk,Buteo platypterus,2017-09-26 17:45,"Land Between the Lakes (Trigg Co., KY)",36.7930699,-88.0410061,2017
401,Red-tailed Hawk,Buteo jamaicensis,2017-09-26 17:45,"Land Between the Lakes (Trigg Co., KY)",36.7930699,-88.0410061,2017
402,Belted Kingfisher,Megaceryle alcyon,2017-09-26 17:45,"Land Between the Lakes (Trigg Co., KY)",36.7930699,-88.0410061,2017
403,American Crow,Corvus brachyrhynchos,2017-09-26 17:45,"Land Between the Lakes (Trigg Co., KY)",36.7930699,-88.0410061,2017
404,European Starling,Sturnus vulgaris,2017-09-26 17:45,"Land Between the Lakes (Trigg Co., KY)",36.7930699,-88.0410061,2017
405,Eastern Bluebird,Sialia sialis,2017-09-26 17:45,"Land Between the Lakes (Trigg Co., KY)",36.7930699,-88.0410061,2017
406,Great Blue Heron,Ardea herodias,2017-09-26 16:31,"Old US-62, Kuttawa, Kentucky, US (37.052, -88.126)",37.0520537,-88.1261502,2017
407,Great Egret,Ardea alba,2017-09-26 16:31,"Old US-62, Kuttawa, Kentucky, US (37.052, -88.126)",37.0520537,-88.1261502,2017
408,Turkey Vulture,Cathartes aura,2017-09-26 16:31,"Old US-62, Kuttawa, Kentucky, US (37.052, -88.126)",37.0520537,-88.1261502,2017
409,Red-bellied Woodpecker,Melanerpes carolinus,2017-09-26 16:31,"Old US-62, Kuttawa, Kentucky, US (37.052, -88.126)",37.0520537,-88.1261502,2017
410,Hairy Woodpecker,Dryobates villosus,2017-09-26 15:37,Murray State Arboretum,36.6060586,-88.3296986,2017
411,Blue Jay,Cyanocitta cristata,2017-09-26 15:37,Murray State Arboretum,36.6060586,-88.3296986,2017
412,Carolina Chickadee,Poecile carolinensis,2017-09-26 15:37,Murray State Arboretum,36.6060586,-88.3296986,2017
413,Tufted Titmouse,Baeolophus bicolor,2017-09-26 15:37,Murray State Arboretum,36.6060586,-88.3296986,2017
414,Northern Mockingbird,Mimus polyglottos,2017-09-26 15:37,Murray State Arboretum,36.6060586,-88.3296986,2017
415,American Robin,Turdus migratorius,2017-09-26 15:37,Murray State Arboretum,36.6060586,-88.3296986,2017
416,Blue-winged Warbler,Vermivora cyanoptera,2017-09-26 15:37,Murray State Arboretum,36.6060586,-88.3296986,2017
417,Tennessee Warbler,Leiothlypis peregrina,2017-09-26 15:37,Murray State Arboretum,36.6060586,-88.3296986,2017
418,Nashville Warbler,Leiothlypis ruficapilla,2017-09-26 15:37,Murray State Arboretum,36.6060586,-88.3296986,2017
419,Bay-breasted Warbler,Setophaga castanea,2017-09-26 15:37,Murray State Arboretum,36.6060586,-88.3296986,2017
420,Blackburnian Warbler,Setophaga fusca,2017-09-26 15:37,Murray State Arboretum,36.6060586,-88.3296986,2017
421,Black-throated Green Warbler,Setophaga virens,2017-09-26 15:37,Murray State Arboretum,36.6060586,-88.3296986,2017
422,Canada Warbler,Cardellina canadensis,2017-09-26 15:37,Murray State Arboretum,36.6060586,-88.3296986,2017
423,Northern Cardinal,Cardinalis cardinalis,2017-09-26 15:37,Murray State Arboretum,36.6060586,-88.3296986,2017
424,Red-shouldered Hawk,Buteo lineatus,2017-09-26 14:30,Evergreen Cemetery (Louisville),38.1832497,-85.7143128,2017
425,Downy Woodpecker,Dryobates pubescens,2017-09-26 14:30,Evergreen Cemetery (Louisville),38.1832497,-85.7143128,2017
426,Northern Flicker,Colaptes auratus,2017-09-26 14:30,Evergreen Cemetery (Louisville),38.1832497,-85.7143128,2017
427,White-breasted Nuthatch,Sitta carolinensis,2017-09-26 14:30,Evergreen Cemetery (Louisville),38.1832497,-85.7143128,2017
428,Carolina Wren,Thryothorus ludovicianus,2017-09-26 14:30,Evergreen Cemetery (Louisville),38.1832497,-85.7143128,2017
429,House Finch,Haemorhous mexicanus,2017-09-26 14:30,Evergreen Cemetery (Louisville),38.1832497,-85.7143128,2017
430,White-throated Sparrow,Zonotrichia albicollis,2017-09-26 14:30,Evergreen Cemetery (Louisville),38.1832497,-85.7143128,2017
431,Song Sparrow,Melospiza melodia,2017-09-26 14:30,Evergreen Cemetery (Louisville),38.1832497,-85.7143128,2017
432,Magnolia Warbler,Setophaga magnolia,2017-09-26 14:30,Evergreen Cemetery (Louisville),38.1832497,-85.7143128,2017
433,Canada Goose,Branta canadensis,2017-09-26 13:15,Rose Hill,38.3393673,-85.3680611,2017
434,Wild Turkey,Meleagris gallopavo,2017-09-26 13:15,Rose Hill,38.3393673,-85.3680611,2017
435,Rock Pigeon,Columba livia,2017-09-26 13:15,Rose Hill,38.3393673,-85.3680611,2017
436,Mourning Dove,Zenaida macroura,2017-09-26 13:15,Rose Hill,38.3393673,-85.3680611,2017
437,Ruby-throated Hummingbird,Archilochus colubris,2017-09-26 13:15,Rose Hill,38.3393673,-85.3680611,2017
438,Black Vulture,Coragyps atratus,2017-09-26 13:15,Rose Hill,38.3393673,-85.3680611,2017
439,Eastern Phoebe,Sayornis phoebe,2017-09-26 13:15,Rose Hill,38.3393673,-85.3680611,2017
440,American Goldfinch,Spinus tristis,2017-09-26 13:15,Rose Hill,38.3393673,-85.3680611,2017
441,Summer Tanager,Piranga rubra,2017-09-26 13:15,Rose Hill,38.3393673,-85.3680611,2017
442,Chimney Swift,Chaetura pelagica,2017-09-26 11:53,US-Kentucky-Louisville-1925 South 7th Street - 38.22x-85.777,38.2201006,-85.7773067,2017
443,Forster's Tern,Sterna forsteri,2017-09-26 11:50,Van Buren Landing,37.9738181,-85.1580334,2017
444,Double-crested Cormorant,Phalacrocorax auritus,2017-09-26 11:50,Van Buren Landing,37.9738181,-85.1580334,2017
445,Green Heron,Butorides virescens,2017-09-26 11:50,Van Buren Landing,37.9738181,-85.1580334,2017
446,Pileated Woodpecker,Dryocopus pileatus,2017-09-26 11:50,Van Buren Landing,37.9738181,-85.1580334,2017
447,Eastern Screech-Owl,Megascops asio,2017-09-26 11:35,Knobs Road Loop,38.105242,-86.3862,2017
448,Red-headed Woodpecker,Melanerpes erythrocephalus,2017-09-26 11:35,Knobs Road Loop,38.105242,-86.3862,2017
449,American Kestrel,Falco sparverius,2017-09-26 11:35,Knobs Road Loop,38.105242,-86.3862,2017
450,Eastern Wood-Pewee,Contopus virens,2017-09-26 11:35,Knobs Road Loop,38.105242,-86.3862,2017
451,White-eyed Vireo,Vireo griseus,2017-09-26 11:35,Knobs Road Loop,38.105242,-86.3862,2017
452,Red-eyed Vireo,Vireo olivaceus,2017-09-26 11:35,Knobs Road Loop,38.105242,-86.3862,2017
453,Wood Thrush,Hylocichla mustelina,2017-09-26 11:35,Knobs Road Loop,38.105242,-86.3862,2017
454,House Sparrow,Passer domesticus,2017-09-26 11:35,Knobs Road Loop,38.105242,-86.3862,2017
455,Chipping Sparrow,Spizella passerina,2017-09-26 11:35,Knobs Road Loop,38.105242,-86.3862,2017
456,Eastern Towhee,Pipilo erythrophthalmus,2017-09-26 11:35,Knobs Road Loop,38.105242,-86.3862,2017
457,Baltimore Oriole,Icterus galbula,2017-09-26 11:35,Knobs Road Loop,38.105242,-86.3862,2017
458,Ovenbird,Seiurus aurocapilla,2017-09-26 11:35,Knobs Road Loop,38.105242,-86.3862,2017
459,American Redstart,Setophaga ruticilla,2017-09-26 11:35,Knobs Road Loop,38.105242,-86.3862,2017
460,Northern Parula,Setophaga americana,2017-09-26 11:35,Knobs Road Loop,38.105242,-86.3862,2017
461,Rose-breasted Grosbeak,Pheucticus ludovicianus,2017-09-26 11:35,Knobs Road Loop,38.105242,-86.3862,2017
462,Indigo Bunting,Passerina cyanea,2017-09-26 11:35,Knobs Road Loop,38.105242,-86.3862,2017
463,Killdeer,Charadrius vociferus,2017-09-26 10:34,Ohio River - Stephensport Waterfront,37.915499,-86.522902,2017
464,Spotted Sandpiper,Actitis macularius,2017-09-26 10:34,Ohio River - Stephensport Waterfront,37.915499,-86.522902,2017
465,Yellow-bellied Sapsucker,Sphyrapicus varius,2017-09-26 10:20,Douglass Hills,38.2370593,-85.5583772,2017
466,Gray-cheeked Thrush,Catharus minimus,2017-09-26 10:20,Douglass Hills,38.2370593,-85.5583772,2017
467,Gray Catbird,Dumetella carolinensis,2017-09-26 10:10,Taylorsville Lake SP ,38.0248698,-85.2641201,2017
468,Northern Harrier,Circus hudsonius,2017-09-26 09:53,Breckinridge Co. Incidentals,37.827936,-86.64714,2017
469,Mallard,Anas platyrhynchos,2017-09-26 09:36,Beckley Creek Park--Grand Allee Section,38.21077,-85.474903,2017
470,Barn Swallow,Hirundo rustica,2017-09-26 09:36,Beckley Creek Park--Grand Allee Section,38.21077,-85.474903,2017
471,Red-winged Blackbird,Agelaius phoeniceus,2017-09-26 09:36,Beckley Creek Park--Grand Allee Section,38.21077,-85.474903,2017
472,Chestnut-sided Warbler,Setophaga pensylvanica,2017-09-26 09:36,Beckley Creek Park--Grand Allee Section,38.21077,-85.474903,2017
473,Palm Warbler,Setophaga palmarum,2017-09-26 09:09,Litchfield Lane,38.024311,-84.566513,2017
474,Cooper's Hawk,Accipiter cooperii,2017-09-26 09:00,Douglass Hills,38.2370593,-85.5583772,2017
475,Swainson's Thrush,Catharus ustulatus,2017-09-26 08:40,Alpha,37.182608,-84.658483,2017
476,Common Yellowthroat,Geothlypis trichas,2017-09-26 08:40,Alpha,37.182608,-84.658483,2017
477,Cape May Warbler,Setophaga tigrina,2017-09-26 08:40,Alpha,37.182608,-84.658483,2017
478,Blue-gray Gnatcatcher,Polioptila caerulea,2017-09-26 08:27,Broad Run Park,38.1077159,-85.5383277,2017
479,House Wren,Troglodytes aedon,2017-09-26 08:27,Broad Run Park,38.1077159,-85.5383277,2017
480,Cedar Waxwing,Bombycilla cedrorum,2017-09-26 08:27,Broad Run Park,38.1077159,-85.5383277,2017
481,Black-and-white Warbler,Mniotilta varia,2017-09-26 08:27,Broad Run Park,38.1077159,-85.5383277,2017
482,Yellow-rumped Warbler,Setophaga coronata,2017-09-26 08:27,Broad Run Park,38.1077159,-85.5383277,2017
483,Common Nighthawk,Chordeiles minor,2017-09-26 08:16,Clarks River NWR--Environmental Education and Recreation Area,36.8532951,-88.3334188,2017
484,Wilson's Snipe,Gallinago delicata,2017-09-26 08:16,Clarks River NWR--Environmental Education and Recreation Area,36.8532951,-88.3334188,2017
485,Solitary Sandpiper,Tringa solitaria,2017-09-26 08:16,Clarks River NWR--Environmental Education and Recreation Area,36.8532951,-88.3334188,2017
486,Fish Crow,Corvus ossifragus,2017-09-26 08:16,Clarks River NWR--Environmental Education and Recreation Area,36.8532951,-88.3334188,2017
487,Brown Thrasher,Toxostoma rufum,2017-09-26 08:16,Clarks River NWR--Environmental Education and Recreation Area,36.8532951,-88.3334188,2017
488,Yellow-breasted Chat,Icteria virens,2017-09-26 08:16,Clarks River NWR--Environmental Education and Recreation Area,36.8532951,-88.3334188,2017
489,Scarlet Tanager,Piranga olivacea,2017-09-26 08:02,Vastwood Park,37.906518,-86.786526,2017
490,Brown-headed Cowbird,Molothrus ater,2017-09-26 07:43,Beaumont Preserve,38.0278785,-84.5650291,2017
491,Field Sparrow,Spizella pusilla,2017-09-26 07:15,moss house,37.0562731,-85.8968961,2017
492,flycatcher sp. (Tyrannidae sp.),Tyrannidae sp.,2017-09-26 06:45,Frank Lyne's Farm (Private) stakeout Harris's Sparrow 2014-2015,36.706112,-86.958198,2017
493,Lincoln's Sparrow,Melospiza lincolnii,2017-09-26 06:45,Frank Lyne's Farm (Private) stakeout Harris's Sparrow 2014-2015,36.706112,-86.958198,2017
494,Eastern Meadowlark,Sturnella magna,2017-09-26 06:45,Frank Lyne's Farm (Private) stakeout Harris's Sparrow 2014-2015,36.706112,-86.958198,2017
495,warbler sp. (Parulidae sp.),Parulidae sp.,2017-09-26 06:45,Frank Lyne's Farm (Private) stakeout Harris's Sparrow 2014-2015,36.706112,-86.958198,2017
496,Mourning Dove,Zenaida macroura,2016-09-26 19:40,Poplar Level - Area around Nightingale Ct,38.21374,-85.71269,2016
497,Chimney Swift,Chaetura pelagica,2016-09-26 19:40,Poplar Level - Area around Nightingale Ct,38.21374,-85.71269,2016
498,House Wren,Troglodytes aedon,2016-09-26 19:40,Poplar Level - Area around Nightingale Ct,38.21374,-85.71269,2016
499,Carolina Wren,Thryothorus ludovicianus,2016-09-26 19:40,Poplar Level - Area around Nightingale Ct,38.21374,-85.71269,2016
500,Gray Catbird,Dumetella carolinensis,2016-09-26 19:40,Poplar Level - Area around Nightingale Ct,38.21374,-85.71269,2016
501,American Robin,Turdus migratorius,2016-09-26 19:40,Poplar Level - Area around Nightingale Ct,38.21374,-85.71269,2016
502,Canada Goose,Branta canadensis,2016-09-26 19:03,"E.P. ""Tom"" Sawyer SP",38.2817914,-85.5584292,2016
503,Mallard,Anas platyrhynchos,2016-09-26 19:03,"E.P. ""Tom"" Sawyer SP",38.2817914,-85.5584292,2016
504,Cooper's Hawk,Accipiter cooperii,2016-09-26 19:03,"E.P. ""Tom"" Sawyer SP",38.2817914,-85.5584292,2016
505,Blue Jay,Cyanocitta cristata,2016-09-26 19:03,"E.P. ""Tom"" Sawyer SP",38.2817914,-85.5584292,2016
506,American Crow,Corvus brachyrhynchos,2016-09-26 19:03,"E.P. ""Tom"" Sawyer SP",38.2817914,-85.5584292,2016
507,Northern Cardinal,Cardinalis cardinalis,2016-09-26 19:03,"E.P. ""Tom"" Sawyer SP",38.2817914,-85.5584292,2016
508,Eurasian Collared-Dove,Streptopelia decaocto,2016-09-26 18:30,245 - Deatsville/Cox's Creek,37.8968987,-85.5650371,2016
509,Ruby-throated Hummingbird,Archilochus colubris,2016-09-26 18:30,245 - Deatsville/Cox's Creek,37.8968987,-85.5650371,2016
510,Turkey Vulture,Cathartes aura,2016-09-26 18:30,245 - Deatsville/Cox's Creek,37.8968987,-85.5650371,2016
511,Osprey,Pandion haliaetus,2016-09-26 18:30,245 - Deatsville/Cox's Creek,37.8968987,-85.5650371,2016
512,Bald Eagle,Haliaeetus leucocephalus,2016-09-26 18:30,245 - Deatsville/Cox's Creek,37.8968987,-85.5650371,2016
513,Carolina Chickadee,Poecile carolinensis,2016-09-26 18:30,245 - Deatsville/Cox's Creek,37.8968987,-85.5650371,2016
514,European Starling,Sturnus vulgaris,2016-09-26 18:30,245 - Deatsville/Cox's Creek,37.8968987,-85.5650371,2016
515,Northern Mockingbird,Mimus polyglottos,2016-09-26 18:30,245 - Deatsville/Cox's Creek,37.8968987,-85.5650371,2016
516,House Sparrow,Passer domesticus,2016-09-26 18:30,245 - Deatsville/Cox's Creek,37.8968987,-85.5650371,2016
517,House Finch,Haemorhous mexicanus,2016-09-26 18:30,245 - Deatsville/Cox's Creek,37.8968987,-85.5650371,2016
518,American Goldfinch,Spinus tristis,2016-09-26 18:30,245 - Deatsville/Cox's Creek,37.8968987,-85.5650371,2016
519,Song Sparrow,Melospiza melodia,2016-09-26 18:30,245 - Deatsville/Cox's Creek,37.8968987,-85.5650371,2016
520,Gadwall,Mareca strepera,2016-09-26 18:15,Hays Kennedy Park,38.35254,-85.6308371,2016
521,Killdeer,Charadrius vociferus,2016-09-26 18:15,Hays Kennedy Park,38.35254,-85.6308371,2016
522,Great Blue Heron,Ardea herodias,2016-09-26 18:15,Hays Kennedy Park,38.35254,-85.6308371,2016
523,Tree Swallow,Tachycineta bicolor,2016-09-26 18:15,Hays Kennedy Park,38.35254,-85.6308371,2016
524,Downy Woodpecker,Dryobates pubescens,2016-09-26 17:45,Lakeview Farm,37.9622126,-85.0168053,2016
525,Pileated Woodpecker,Dryocopus pileatus,2016-09-26 17:45,Lakeview Farm,37.9622126,-85.0168053,2016
526,Northern Flicker,Colaptes auratus,2016-09-26 17:45,Lakeview Farm,37.9622126,-85.0168053,2016
527,Eastern Phoebe,Sayornis phoebe,2016-09-26 17:45,Lakeview Farm,37.9622126,-85.0168053,2016
528,Tufted Titmouse,Baeolophus bicolor,2016-09-26 17:45,Lakeview Farm,37.9622126,-85.0168053,2016
529,White-breasted Nuthatch,Sitta carolinensis,2016-09-26 17:45,Lakeview Farm,37.9622126,-85.0168053,2016
530,Black-throated Green Warbler,Setophaga virens,2016-09-26 17:45,Lakeview Farm,37.9622126,-85.0168053,2016
531,Red-shouldered Hawk,Buteo lineatus,2016-09-26 17:40,backyard,38.9559925,-84.5500222,2016
532,Red-bellied Woodpecker,Melanerpes carolinus,2016-09-26 17:40,backyard,38.9559925,-84.5500222,2016
533,Tennessee Warbler,Leiothlypis peregrina,2016-09-26 17:40,backyard,38.9559925,-84.5500222,2016
534,Magnolia Warbler,Setophaga magnolia,2016-09-26 17:40,backyard,38.9559925,-84.5500222,2016
535,Bay-breasted Warbler,Setophaga castanea,2016-09-26 17:40,backyard,38.9559925,-84.5500222,2016
536,Great Egret,Ardea alba,2016-09-26 17:33,Pfeiffer Fish Hatchery,38.3202455,-84.8226929,2016
537,Belted Kingfisher,Megaceryle alcyon,2016-09-26 17:33,Pfeiffer Fish Hatchery,38.3202455,-84.8226929,2016
538,Eastern Bluebird,Sialia sialis,2016-09-26 17:33,Pfeiffer Fish Hatchery,38.3202455,-84.8226929,2016
539,Chipping Sparrow,Spizella passerina,2016-09-26 17:33,Pfeiffer Fish Hatchery,38.3202455,-84.8226929,2016
540,Field Sparrow,Spizella pusilla,2016-09-26 17:33,Pfeiffer Fish Hatchery,38.3202455,-84.8226929,2016
541,Pine Warbler,Setophaga pinus,2016-09-26 17:33,Pfeiffer Fish Hatchery,38.3202455,-84.8226929,2016
542,Yellow-billed Cuckoo,Coccyzus americanus,2016-09-26 17:30,Broad Run Park,38.1077159,-85.5383277,2016
543,Great Horned Owl,Bubo virginianus,2016-09-26 17:30,Broad Run Park,38.1077159,-85.5383277,2016
544,Eastern Wood-Pewee,Contopus virens,2016-09-26 17:30,Broad Run Park,38.1077159,-85.5383277,2016
545,Red-winged Blackbird,Agelaius phoeniceus,2016-09-26 17:30,Broad Run Park,38.1077159,-85.5383277,2016
546,Wood Duck,Aix sponsa,2016-09-26 15:30,Murl Pond (restricted access),36.8056081,-84.9473619,2016
547,Blue-winged Teal,Spatula discors,2016-09-26 15:30,Murl Pond (restricted access),36.8056081,-84.9473619,2016
548,Northern Shoveler,Spatula clypeata,2016-09-26 15:30,Murl Pond (restricted access),36.8056081,-84.9473619,2016
549,Green-winged Teal,Anas crecca,2016-09-26 15:30,Murl Pond (restricted access),36.8056081,-84.9473619,2016
550,Rock Pigeon,Columba livia,2016-09-26 15:30,Murl Pond (restricted access),36.8056081,-84.9473619,2016
551,Least Sandpiper,Calidris minutilla,2016-09-26 15:30,Murl Pond (restricted access),36.8056081,-84.9473619,2016
552,Pectoral Sandpiper,Calidris melanotos,2016-09-26 15:30,Murl Pond (restricted access),36.8056081,-84.9473619,2016
553,Semipalmated Sandpiper,Calidris pusilla,2016-09-26 15:30,Murl Pond (restricted access),36.8056081,-84.9473619,2016
554,Black Vulture,Coragyps atratus,2016-09-26 15:30,Murl Pond (restricted access),36.8056081,-84.9473619,2016
555,Red-tailed Hawk,Buteo jamaicensis,2016-09-26 15:30,Murl Pond (restricted access),36.8056081,-84.9473619,2016
556,Hairy Woodpecker,Dryobates villosus,2016-09-26 15:30,Murl Pond (restricted access),36.8056081,-84.9473619,2016
557,American Kestrel,Falco sparverius,2016-09-26 15:30,Murl Pond (restricted access),36.8056081,-84.9473619,2016
558,Red-eyed Vireo,Vireo olivaceus,2016-09-26 15:30,Murl Pond (restricted access),36.8056081,-84.9473619,2016
559,Barn Swallow,Hirundo rustica,2016-09-26 15:30,Murl Pond (restricted access),36.8056081,-84.9473619,2016
560,Brown Thrasher,Toxostoma rufum,2016-09-26 15:30,Murl Pond (restricted access),36.8056081,-84.9473619,2016
561,Swainson's Thrush,Catharus ustulatus,2016-09-26 15:30,Murl Pond (restricted access),36.8056081,-84.9473619,2016
562,Bobolink,Dolichonyx oryzivorus,2016-09-26 15:30,Murl Pond (restricted access),36.8056081,-84.9473619,2016
563,Eastern Meadowlark,Sturnella magna,2016-09-26 15:30,Murl Pond (restricted access),36.8056081,-84.9473619,2016
564,Common Yellowthroat,Geothlypis trichas,2016-09-26 15:30,Murl Pond (restricted access),36.8056081,-84.9473619,2016
565,Palm Warbler,Setophaga palmarum,2016-09-26 15:30,Murl Pond (restricted access),36.8056081,-84.9473619,2016
566,Prairie Warbler,Setophaga discolor,2016-09-26 15:30,Murl Pond (restricted access),36.8056081,-84.9473619,2016
567,Wilson's Warbler,Cardellina pusilla,2016-09-26 15:30,Murl Pond (restricted access),36.8056081,-84.9473619,2016
568,Summer Tanager,Piranga rubra,2016-09-26 15:30,Murl Pond (restricted access),36.8056081,-84.9473619,2016
569,Scarlet Tanager,Piranga olivacea,2016-09-26 15:30,Murl Pond (restricted access),36.8056081,-84.9473619,2016
570,Rose-breasted Grosbeak,Pheucticus ludovicianus,2016-09-26 15:30,Murl Pond (restricted access),36.8056081,-84.9473619,2016
571,Indigo Bunting,Passerina cyanea,2016-09-26 15:30,Murl Pond (restricted access),36.8056081,-84.9473619,2016
572,Pied-billed Grebe,Podilymbus podiceps,2016-09-26 11:00,"Morgan Pond, transient (restricted access; view from gravel field entrance)",36.6931304,-87.4702907,2016
573,warbler sp. (Parulidae sp.),Parulidae sp.,2016-09-26 10:08,Wilmore--203 Hutchins Dr.,37.8691547,-84.6599673,2016
574,Spotted Sandpiper,Actitis macularius,2016-09-26 10:00,Walmart flood pools,36.6674392,-87.4422026,2016
575,Solitary Sandpiper,Tringa solitaria,2016-09-26 10:00,Walmart flood pools,36.6674392,-87.4422026,2016
576,Red-breasted Nuthatch,Sitta canadensis,2016-09-26 09:43,Alpha,37.182608,-84.658483,2016
577,Wilson's Snipe,Gallinago delicata,2016-09-26 09:00,Farm pond-floodle,36.7416658,-87.5532997,2016
578,Double-crested Cormorant,Phalacrocorax auritus,2016-09-26 09:00,Farm pond-floodle,36.7416658,-87.5532997,2016
579,White-eyed Vireo,Vireo griseus,2016-09-26 09:00,Berea College Forest,37.5544274,-84.2409056,2016
580,Yellow-throated Vireo,Vireo flavifrons,2016-09-26 09:00,Berea College Forest,37.5544274,-84.2409056,2016
581,Horned Lark,Eremophila alpestris,2016-09-26 09:00,Walter Garrett Ln.  Flooded farmland,36.683349,-87.4149299,2016
582,Western/Eastern Meadowlark,Sturnella neglecta/magna,2016-09-26 09:00,Walter Garrett Ln.  Flooded farmland,36.683349,-87.4149299,2016
583,Black-and-white Warbler,Mniotilta varia,2016-09-26 09:00,Berea College Forest,37.5544274,-84.2409056,2016
584,Cedar Waxwing,Bombycilla cedrorum,2016-09-26 08:44,Jacobson Park,37.987572,-84.4229794,2016
585,Common Grackle,Quiscalus quiscula,2016-09-26 08:44,Jacobson Park,37.987572,-84.4229794,2016
586,Eastern Towhee,Pipilo erythrophthalmus,2016-09-26 07:30,Lakeview Farm,37.9622126,-85.0168053,2016
587,Yellow-billed/Black-billed Cuckoo,Coccyzus americanus/erythropthalmus,2016-09-26 07:00,41056 Maysville,38.640167,-83.75895,2016
588,Broad-winged Hawk,Buteo platypterus,2016-09-26 07:00,Harmon Hollow Rd.,36.725283,-84.9406793,2016
589,Red-headed Woodpecker,Melanerpes erythrocephalus,2016-09-26 07:00,Harmon Hollow Rd.,36.725283,-84.9406793,2016
590,Empidonax sp.,Empidonax sp.,2016-09-26 07:00,41056 Maysville,38.640167,-83.75895,2016
591,Blue-headed Vireo,Vireo solitarius,2016-09-26 07:00,Harmon Hollow Rd.,36.725283,-84.9406793,2016
592,Philadelphia Vireo,Vireo philadelphicus,2016-09-26 07:00,Harmon Hollow Rd.,36.725283,-84.9406793,2016
593,Gray-cheeked Thrush,Catharus minimus,2016-09-26 07:00,Harmon Hollow Rd.,36.725283,-84.9406793,2016
594,Wood Thrush,Hylocichla mustelina,2016-09-26 07:00,41056 Maysville,38.640167,-83.75895,2016
595,House/Purple Finch,Haemorhous mexicanus/purpureus,2016-09-26 07:00,41056 Maysville,38.640167,-83.75895,2016
596,Ovenbird,Seiurus aurocapilla,2016-09-26 07:00,Harmon Hollow Rd.,36.725283,-84.9406793,2016
597,Nashville Warbler,Leiothlypis ruficapilla,2016-09-26 07:00,Harmon Hollow Rd.,36.725283,-84.9406793,2016
598,Hooded Warbler,Setophaga citrina,2016-09-26 07:00,Harmon Hollow Rd.,36.725283,-84.9406793,2016
599,American Redstart,Setophaga ruticilla,2016-09-26 07:00,Harmon Hollow Rd.,36.725283,-84.9406793,2016
600,Chestnut-sided Warbler,Setophaga pensylvanica,2016-09-26 07:00,Harmon Hollow Rd.,36.725283,-84.9406793,2016
601,tanager sp. (Piranga sp.),Piranga sp.,2016-09-26 07:00,41056 Maysville,38.640167,-83.75895,2016
602,Blue Grosbeak,Passerina caerulea,2016-09-26 07:00,Harmon Hollow Rd.,36.725283,-84.9406793,2016
603,Wood Duck,Aix sponsa,2015-09-26 19:15,The Farm,37.8958492,-85.3019822,2015
604,Chimney Swift,Chaetura pelagica,2015-09-26 18:43,Benton Court Square,36.8572141,-88.3498631,2015
605,Mourning Dove,Zenaida macroura,2015-09-26 18:00,Riverpointe,39.1106619,-84.4625473,2015
606,Double-crested Cormorant,Phalacrocorax auritus,2015-09-26 18:00,Riverpointe,39.1106619,-84.4625473,2015
607,Red-bellied Woodpecker,Melanerpes carolinus,2015-09-26 18:00,Riverpointe,39.1106619,-84.4625473,2015
608,Downy Woodpecker,Dryobates pubescens,2015-09-26 18:00,Riverpointe,39.1106619,-84.4625473,2015
609,Blue Jay,Cyanocitta cristata,2015-09-26 18:00,Riverpointe,39.1106619,-84.4625473,2015
610,American Crow,Corvus brachyrhynchos,2015-09-26 18:00,Riverpointe,39.1106619,-84.4625473,2015
611,Carolina Chickadee,Poecile carolinensis,2015-09-26 18:00,Riverpointe,39.1106619,-84.4625473,2015
612,Carolina Wren,Thryothorus ludovicianus,2015-09-26 18:00,Riverpointe,39.1106619,-84.4625473,2015
613,American Robin,Turdus migratorius,2015-09-26 18:00,Riverpointe,39.1106619,-84.4625473,2015
614,Ruby-throated Hummingbird,Archilochus colubris,2015-09-26 17:50,305 Cox Creek Drive,36.8421511,-88.3441007,2015
615,Merlin,Falco columbarius,2015-09-26 17:50,305 Cox Creek Drive,36.8421511,-88.3441007,2015
616,Empidonax sp.,Empidonax sp.,2015-09-26 17:50,305 Cox Creek Drive,36.8421511,-88.3441007,2015
617,Tufted Titmouse,Baeolophus bicolor,2015-09-26 17:50,305 Cox Creek Drive,36.8421511,-88.3441007,2015
618,European Starling,Sturnus vulgaris,2015-09-26 17:50,305 Cox Creek Drive,36.8421511,-88.3441007,2015
619,Brown Thrasher,Toxostoma rufum,2015-09-26 17:50,305 Cox Creek Drive,36.8421511,-88.3441007,2015
620,Eastern Bluebird,Sialia sialis,2015-09-26 17:50,305 Cox Creek Drive,36.8421511,-88.3441007,2015
621,Chipping Sparrow,Spizella passerina,2015-09-26 17:50,305 Cox Creek Drive,36.8421511,-88.3441007,2015
622,Eastern Towhee,Pipilo erythrophthalmus,2015-09-26 17:50,305 Cox Creek Drive,36.8421511,-88.3441007,2015
623,Northern Parula,Setophaga americana,2015-09-26 17:50,305 Cox Creek Drive,36.8421511,-88.3441007,2015
624,Summer Tanager,Piranga rubra,2015-09-26 17:50,305 Cox Creek Drive,36.8421511,-88.3441007,2015
625,Northern Cardinal,Cardinalis cardinalis,2015-09-26 17:50,305 Cox Creek Drive,36.8421511,-88.3441007,2015
626,Canada Goose,Branta canadensis,2015-09-26 17:46,Pfeiffer Fish Hatchery,38.3202455,-84.8226929,2015
627,Killdeer,Charadrius vociferus,2015-09-26 17:46,Pfeiffer Fish Hatchery,38.3202455,-84.8226929,2015
628,Great Blue Heron,Ardea herodias,2015-09-26 17:46,Pfeiffer Fish Hatchery,38.3202455,-84.8226929,2015
629,Great Egret,Ardea alba,2015-09-26 17:46,Pfeiffer Fish Hatchery,38.3202455,-84.8226929,2015
630,Black Vulture,Coragyps atratus,2015-09-26 17:46,Pfeiffer Fish Hatchery,38.3202455,-84.8226929,2015
631,Turkey Vulture,Cathartes aura,2015-09-26 17:46,Pfeiffer Fish Hatchery,38.3202455,-84.8226929,2015
632,Osprey,Pandion haliaetus,2015-09-26 17:46,Pfeiffer Fish Hatchery,38.3202455,-84.8226929,2015
633,Belted Kingfisher,Megaceryle alcyon,2015-09-26 17:46,Pfeiffer Fish Hatchery,38.3202455,-84.8226929,2015
634,Barn Swallow,Hirundo rustica,2015-09-26 17:46,Pfeiffer Fish Hatchery,38.3202455,-84.8226929,2015
635,Song Sparrow,Melospiza melodia,2015-09-26 17:46,Pfeiffer Fish Hatchery,38.3202455,-84.8226929,2015
636,Wild Turkey,Meleagris gallopavo,2015-09-26 17:10,"Lake Neomia Rd, Clay City",37.879681,-83.965776,2015
637,Northern Flicker,Colaptes auratus,2015-09-26 17:10,"Lake Neomia Rd, Clay City",37.879681,-83.965776,2015
638,White-breasted Nuthatch,Sitta carolinensis,2015-09-26 17:10,"Lake Neomia Rd, Clay City",37.879681,-83.965776,2015
639,Red-winged Blackbird,Agelaius phoeniceus,2015-09-26 17:10,"Lake Neomia Rd, Clay City",37.879681,-83.965776,2015
640,Gray Catbird,Dumetella carolinensis,2015-09-26 16:30,US-KY-Louisville-The Paddock Fields,38.283719,-85.499069,2015
641,Cedar Waxwing,Bombycilla cedrorum,2015-09-26 16:30,US-KY-Louisville-The Paddock Fields,38.283719,-85.499069,2015
642,American Goldfinch,Spinus tristis,2015-09-26 16:30,US-KY-Louisville-The Paddock Fields,38.283719,-85.499069,2015
643,Common Grackle,Quiscalus quiscula,2015-09-26 16:30,US-KY-Louisville-The Paddock Fields,38.283719,-85.499069,2015
644,Indigo Bunting,Passerina cyanea,2015-09-26 16:30,US-KY-Louisville-The Paddock Fields,38.283719,-85.499069,2015
645,Mallard,Anas platyrhynchos,2015-09-26 16:00,McNeely Lake Park,38.1057067,-85.6361318,2015
646,Northern Mockingbird,Mimus polyglottos,2015-09-26 16:00,Chestnut Court,37.56795,-84.3058634,2015
647,House Sparrow,Passer domesticus,2015-09-26 16:00,Chestnut Court,37.56795,-84.3058634,2015
648,House Finch,Haemorhous mexicanus,2015-09-26 16:00,Chestnut Court,37.56795,-84.3058634,2015
649,Orange-crowned Warbler,Leiothlypis celata,2015-09-26 15:00,17010 Meeting House Rd,38.1677266,-85.4313397,2015
650,Yellow-throated Warbler,Setophaga dominica,2015-09-26 15:00,17010 Meeting House Rd,38.1677266,-85.4313397,2015
651,Black-throated Green Warbler,Setophaga virens,2015-09-26 15:00,17010 Meeting House Rd,38.1677266,-85.4313397,2015
652,Wilson's Warbler,Cardellina pusilla,2015-09-26 15:00,glasgow,37.0406761,-85.9192657,2015
653,Common Tern,Sterna hirundo,2015-09-26 14:54,Ashland Park Riverview (KY),38.2687499,-85.75758,2015
654,Lesser Yellowlegs,Tringa flavipes,2015-09-26 13:29,"Cave Run Lake, Shallow Flats",38.1005061,-83.4932077,2015
655,Pileated Woodpecker,Dryocopus pileatus,2015-09-26 13:29,"Cave Run Lake, Shallow Flats",38.1005061,-83.4932077,2015
656,Pied-billed Grebe,Podilymbus podiceps,2015-09-26 13:20,Falls of the Ohio National Wildlife Conservation Area (KY),38.2733354,-85.7657962,2015
657,Least Sandpiper,Calidris minutilla,2015-09-26 13:20,Falls of the Ohio National Wildlife Conservation Area (KY),38.2733354,-85.7657962,2015
658,Spotted Sandpiper,Actitis macularius,2015-09-26 13:20,Falls of the Ohio National Wildlife Conservation Area (KY),38.2733354,-85.7657962,2015
659,Semipalmated Plover,Charadrius semipalmatus,2015-09-26 12:20,Minor E Clark Fish Hatchery,38.1177106,-83.5470343,2015
660,Green Heron,Butorides virescens,2015-09-26 12:20,Minor E Clark Fish Hatchery,38.1177106,-83.5470343,2015
661,Eastern Wood-Pewee,Contopus virens,2015-09-26 12:20,Minor E Clark Fish Hatchery,38.1177106,-83.5470343,2015
662,Rock Pigeon,Columba livia,2015-09-26 11:30,Melco Flood Retention Basin (restricted access),38.1519218,-85.7329059,2015
663,American Golden-Plover,Pluvialis dominica,2015-09-26 11:30,Melco Flood Retention Basin (restricted access),38.1519218,-85.7329059,2015
664,Long-billed Dowitcher,Limnodromus scolopaceus,2015-09-26 11:30,Melco Flood Retention Basin (restricted access),38.1519218,-85.7329059,2015
665,Cooper's Hawk,Accipiter cooperii,2015-09-26 11:30,Melco Flood Retention Basin (restricted access),38.1519218,-85.7329059,2015
666,Broad-winged Hawk,Buteo platypterus,2015-09-26 11:30,Cave Run Lake (Bath Co.),38.1104834,-83.5234172,2015
667,Eastern Phoebe,Sayornis phoebe,2015-09-26 11:30,Cave Run Lake (Bath Co.),38.1104834,-83.5234172,2015
668,Swainson's Thrush,Catharus ustulatus,2015-09-26 11:30,Cave Run Lake (Bath Co.),38.1104834,-83.5234172,2015
669,Black-and-white Warbler,Mniotilta varia,2015-09-26 11:30,Cave Run Lake (Bath Co.),38.1104834,-83.5234172,2015
670,Hooded Warbler,Setophaga citrina,2015-09-26 11:30,Cave Run Lake (Bath Co.),38.1104834,-83.5234172,2015
671,American Redstart,Setophaga ruticilla,2015-09-26 11:30,Cave Run Lake (Bath Co.),38.1104834,-83.5234172,2015
672,Magnolia Warbler,Setophaga magnolia,2015-09-26 11:30,Cave Run Lake (Bath Co.),38.1104834,-83.5234172,2015
673,Scarlet Tanager,Piranga olivacea,2015-09-26 11:30,Cave Run Lake (Bath Co.),38.1104834,-83.5234172,2015
674,Blue-winged Teal,Spatula discors,2015-09-26 11:25,Melco Flood Retention Basin (restricted access),38.1519218,-85.7329059,2015
675,Pectoral Sandpiper,Calidris melanotos,2015-09-26 11:25,Melco Flood Retention Basin (restricted access),38.1519218,-85.7329059,2015
676,Solitary Sandpiper,Tringa solitaria,2015-09-26 11:25,Melco Flood Retention Basin (restricted access),38.1519218,-85.7329059,2015
677,Hairy Woodpecker,Dryobates villosus,2015-09-26 11:25,Middle Creek Park (Boone Co.),38.9981643,-84.8125112,2015
678,Ovenbird,Seiurus aurocapilla,2015-09-26 11:25,Middle Creek Park (Boone Co.),38.9981643,-84.8125112,2015
679,Tennessee Warbler,Leiothlypis peregrina,2015-09-26 11:25,Middle Creek Park (Boone Co.),38.9981643,-84.8125112,2015
680,Bay-breasted Warbler,Setophaga castanea,2015-09-26 11:25,Middle Creek Park (Boone Co.),38.9981643,-84.8125112,2015
681,Bald Eagle,Haliaeetus leucocephalus,2015-09-26 10:31,Minor E Clark Fish Hatchery,38.1177106,-83.5470343,2015
682,Peregrine Falcon,Falco peregrinus,2015-09-26 10:31,Minor E Clark Fish Hatchery,38.1177106,-83.5470343,2015
683,Red-eyed Vireo,Vireo olivaceus,2015-09-26 10:31,Minor E Clark Fish Hatchery,38.1177106,-83.5470343,2015
684,Gray-cheeked Thrush,Catharus minimus,2015-09-26 10:31,Minor E Clark Fish Hatchery,38.1177106,-83.5470343,2015
685,Great Crested Flycatcher,Myiarchus crinitus,2015-09-26 10:22,Lexington Cemetery,38.0599186,-84.5085526,2015
686,Pine Warbler,Setophaga pinus,2015-09-26 10:22,Lexington Cemetery,38.0599186,-84.5085526,2015
687,Yellow-billed Cuckoo,Coccyzus americanus,2015-09-26 10:20,Land Between The Lakes (KY) -- Energy Lake Rd. MP1,36.820279,-88.0027199,2015
688,Wilson's Snipe,Gallinago delicata,2015-09-26 10:20,Melco Flood Retention Basin (restricted access),38.1519218,-85.7329059,2015
689,Eastern Screech-Owl,Megascops asio,2015-09-26 10:20,Land Between The Lakes (KY) -- Energy Lake Rd. MP1,36.820279,-88.0027199,2015
690,White-eyed Vireo,Vireo griseus,2015-09-26 10:20,Land Between The Lakes (KY) -- Energy Lake Rd. MP1,36.820279,-88.0027199,2015
691,Blue-headed Vireo,Vireo solitarius,2015-09-26 10:20,Land Between The Lakes (KY) -- Energy Lake Rd. MP1,36.820279,-88.0027199,2015
692,Warbling Vireo,Vireo gilvus,2015-09-26 10:20,Land Between The Lakes (KY) -- Energy Lake Rd. MP1,36.820279,-88.0027199,2015
693,Savannah Sparrow,Passerculus sandwichensis,2015-09-26 10:20,Melco Flood Retention Basin (restricted access),38.1519218,-85.7329059,2015
694,Northern Waterthrush,Parkesia noveboracensis,2015-09-26 10:20,Melco Flood Retention Basin (restricted access),38.1519218,-85.7329059,2015
695,Golden-winged Warbler,Vermivora chrysoptera,2015-09-26 10:20,Land Between The Lakes (KY) -- Energy Lake Rd. MP1,36.820279,-88.0027199,2015
696,Common Yellowthroat,Geothlypis trichas,2015-09-26 10:20,Land Between The Lakes (KY) -- Energy Lake Rd. MP1,36.820279,-88.0027199,2015
697,Blackburnian Warbler,Setophaga fusca,2015-09-26 10:20,Land Between The Lakes (KY) -- Energy Lake Rd. MP1,36.820279,-88.0027199,2015
698,Chestnut-sided Warbler,Setophaga pensylvanica,2015-09-26 10:20,Land Between The Lakes (KY) -- Energy Lake Rd. MP1,36.820279,-88.0027199,2015
699,Black-throated Blue Warbler,Setophaga caerulescens,2015-09-26 10:20,Land Between The Lakes (KY) -- Energy Lake Rd. MP1,36.820279,-88.0027199,2015
700,Palm Warbler,Setophaga palmarum,2015-09-26 10:20,Melco Flood Retention Basin (restricted access),38.1519218,-85.7329059,2015
701,Blue Grosbeak,Passerina caerulea,2015-09-26 10:20,Melco Flood Retention Basin (restricted access),38.1519218,-85.7329059,2015
702,Green-winged Teal,Anas crecca,2015-09-26 10:00,Melco Flood Retention Basin (restricted access),38.1519218,-85.7329059,2015
703,Winter Wren,Troglodytes hiemalis,2015-09-26 09:45,Anchorage Trail,38.2666738,-85.5401262,2015
704,House Wren,Troglodytes aedon,2015-09-26 09:42,Beaumont Preserve,38.0278785,-84.5650291,2015
705,Sedge Wren,Cistothorus platensis,2015-09-26 09:42,Beaumont Preserve,38.0278785,-84.5650291,2015
706,Rose-breasted Grosbeak,Pheucticus ludovicianus,2015-09-26 09:42,Beaumont Preserve,38.0278785,-84.5650291,2015
707,Acadian Flycatcher,Empidonax virescens,2015-09-26 09:15,Shaker Village of Pleasant Hill,37.8217854,-84.7391796,2015
708,Brown-headed Cowbird,Molothrus ater,2015-09-26 09:15,Shaker Village of Pleasant Hill,37.8217854,-84.7391796,2015
709,American Coot,Fulica americana,2015-09-26 09:00,Freeman Lake,37.7190656,-85.8714581,2015
710,Red-tailed Hawk,Buteo jamaicensis,2015-09-26 09:00,Freeman Lake,37.7190656,-85.8714581,2015
711,Tree Swallow,Tachycineta bicolor,2015-09-26 09:00,Freeman Lake,37.7190656,-85.8714581,2015
712,Red-shouldered Hawk,Buteo lineatus,2015-09-26 08:59,139 Stockton Rd,38.1928259,-85.0006199,2015
713,Sharp-shinned Hawk,Accipiter striatus,2015-09-26 08:45,"Land Between the Lakes (Trigg Co., KY)--Long Creek Area",36.8036268,-88.0039664,2015
714,Yellow-throated Vireo,Vireo flavifrons,2015-09-26 08:45,"Land Between the Lakes (Trigg Co., KY)--Long Creek Area",36.8036268,-88.0039664,2015
715,Philadelphia Vireo,Vireo philadelphicus,2015-09-26 08:45,"Land Between the Lakes (Trigg Co., KY)--Long Creek Area",36.8036268,-88.0039664,2015
716,Red-headed Woodpecker,Melanerpes erythrocephalus,2015-09-26 08:35,Beckley Creek Park--Grand Allee Section,38.21077,-85.474903,2015
717,Field Sparrow,Spizella pusilla,2015-09-26 08:35,Beckley Creek Park--Grand Allee Section,38.21077,-85.474903,2015
718,Eastern Meadowlark,Sturnella magna,2015-09-26 08:35,Beckley Creek Park--Grand Allee Section,38.21077,-85.474903,2015
719,Ruby-crowned Kinglet,Regulus calendula,2015-09-26 08:30,Anchorage Trail,38.2666738,-85.5401262,2015
720,Eurasian Collared-Dove,Streptopelia decaocto,2015-09-26 08:07,Clarks River NWR--Environmental Education and Recreation Area,36.8532951,-88.3334188,2015
721,Yellow-breasted Chat,Icteria virens,2015-09-26 08:07,Clarks River NWR--Environmental Education and Recreation Area,36.8532951,-88.3334188,2015
722,Cackling/Canada Goose,Branta hutchinsii/canadensis,2015-09-26 08:00,"Land Between the Lakes (Lyon Co., KY)--Hillman Ferry Campground",36.9467726,-88.1753646,2015
723,Ring-billed Gull,Larus delawarensis,2015-09-26 08:00,"Land Between the Lakes (Lyon Co., KY)--Hillman Ferry Campground",36.9467726,-88.1753646,2015
724,gull sp.,Larinae sp.,2015-09-26 08:00,"Land Between the Lakes (Lyon Co., KY)--Hillman Ferry Campground",36.9467726,-88.1753646,2015
725,Barred Owl,Strix varia,2015-09-26 08:00,"Land Between the Lakes (Lyon Co., KY)--Hillman Ferry Campground",36.9467726,-88.1753646,2015
726,Blue-gray Gnatcatcher,Polioptila caerulea,2015-09-26 08:00,My Yard,39.0618578,-84.5477949,2015
727,Nashville Warbler,Leiothlypis ruficapilla,2015-09-26 08:00,Floracliff Nature Sanctuary,37.902753,-84.3596095,2015
728,Yellow Warbler,Setophaga petechia,2015-09-26 08:00,My Yard,39.0618578,-84.5477949,2015
729,American Black Duck,Anas rubripes,2015-09-26 07:25,Freeman Lake,37.7190656,-85.8714581,2015
730,Northern Bobwhite,Colinus virginianus,2015-09-26 07:00,glasgow,37.0406761,-85.9192657,2015
731,American Kestrel,Falco sparverius,2015-09-26 07:00,glasgow,37.0406761,-85.9192657,2015
732,Yellow-billed Cuckoo,Coccyzus americanus,2010-09-26 16:30,Casey Creek Embayment,37.2206354,-85.2185269,2010
733,Double-crested Cormorant,Phalacrocorax auritus,2010-09-26 16:30,Casey Creek Embayment,37.2206354,-85.2185269,2010
734,Great Blue Heron,Ardea herodias,2010-09-26 16:30,Casey Creek Embayment,37.2206354,-85.2185269,2010
735,Great Egret,Ardea alba,2010-09-26 16:30,Casey Creek Embayment,37.2206354,-85.2185269,2010
736,Turkey Vulture,Cathartes aura,2010-09-26 16:30,Casey Creek Embayment,37.2206354,-85.2185269,2010
737,Red-tailed Hawk,Buteo jamaicensis,2010-09-26 16:30,Casey Creek Embayment,37.2206354,-85.2185269,2010
738,Red-bellied Woodpecker,Melanerpes carolinus,2010-09-26 16:30,Casey Creek Embayment,37.2206354,-85.2185269,2010
739,Downy Woodpecker,Dryobates pubescens,2010-09-26 16:30,Casey Creek Embayment,37.2206354,-85.2185269,2010
740,Hairy Woodpecker,Dryobates villosus,2010-09-26 16:30,Casey Creek Embayment,37.2206354,-85.2185269,2010
741,Pileated Woodpecker,Dryocopus pileatus,2010-09-26 16:30,Casey Creek Embayment,37.2206354,-85.2185269,2010
742,Northern Flicker,Colaptes auratus,2010-09-26 16:30,Casey Creek Embayment,37.2206354,-85.2185269,2010
743,Empidonax sp.,Empidonax sp.,2010-09-26 16:30,Casey Creek Embayment,37.2206354,-85.2185269,2010
744,Red-eyed Vireo,Vireo olivaceus,2010-09-26 16:30,Casey Creek Embayment,37.2206354,-85.2185269,2010
745,Blue Jay,Cyanocitta cristata,2010-09-26 16:30,Casey Creek Embayment,37.2206354,-85.2185269,2010
746,American Crow,Corvus brachyrhynchos,2010-09-26 16:30,Casey Creek Embayment,37.2206354,-85.2185269,2010
747,Carolina Chickadee,Poecile carolinensis,2010-09-26 16:30,Casey Creek Embayment,37.2206354,-85.2185269,2010
748,Tufted Titmouse,Baeolophus bicolor,2010-09-26 16:30,Casey Creek Embayment,37.2206354,-85.2185269,2010
749,White-breasted Nuthatch,Sitta carolinensis,2010-09-26 16:30,Casey Creek Embayment,37.2206354,-85.2185269,2010
750,Carolina Wren,Thryothorus ludovicianus,2010-09-26 16:30,Casey Creek Embayment,37.2206354,-85.2185269,2010
751,Gray Catbird,Dumetella carolinensis,2010-09-26 16:30,Casey Creek Embayment,37.2206354,-85.2185269,2010
752,Brown Thrasher,Toxostoma rufum,2010-09-26 16:30,Casey Creek Embayment,37.2206354,-85.2185269,2010
753,Swainson's Thrush,Catharus ustulatus,2010-09-26 16:30,Casey Creek Embayment,37.2206354,-85.2185269,2010
754,Common Yellowthroat,Geothlypis trichas,2010-09-26 16:30,Casey Creek Embayment,37.2206354,-85.2185269,2010
755,Black-throated Green Warbler,Setophaga virens,2010-09-26 16:30,Casey Creek Embayment,37.2206354,-85.2185269,2010
756,Summer Tanager,Piranga rubra,2010-09-26 16:30,Casey Creek Embayment,37.2206354,-85.2185269,2010
757,Northern Cardinal,Cardinalis cardinalis,2010-09-26 16:30,Casey Creek Embayment,37.2206354,-85.2185269,2010
758,Rose-breasted Grosbeak,Pheucticus ludovicianus,2010-09-26 16:30,Casey Creek Embayment,37.2206354,-85.2185269,2010
759,Killdeer,Charadrius vociferus,2010-09-26 14:25,Mitchell Lake,37.159565,-89.035866,2010
760,Pectoral Sandpiper,Calidris melanotos,2010-09-26 14:25,Mitchell Lake,37.159565,-89.035866,2010
761,peep sp.,Calidris sp. (peep sp.),2010-09-26 14:25,Mitchell Lake,37.159565,-89.035866,2010
762,Lesser Yellowlegs,Tringa flavipes,2010-09-26 14:25,Mitchell Lake,37.159565,-89.035866,2010
763,Wild Turkey,Meleagris gallopavo,2010-09-26 14:00,Boxwood Dr,38.297,-83.244,2010
764,Mourning Dove,Zenaida macroura,2010-09-26 14:00,Boxend,37.5800221,-84.2801456,2010
765,Ruby-throated Hummingbird,Archilochus colubris,2010-09-26 14:00,Boxend,37.5800221,-84.2801456,2010
766,Eastern Wood-Pewee,Contopus virens,2010-09-26 14:00,Boxend,37.5800221,-84.2801456,2010
767,Eastern Phoebe,Sayornis phoebe,2010-09-26 14:00,Boxwood Dr,38.297,-83.244,2010
768,Eastern Bluebird,Sialia sialis,2010-09-26 14:00,Boxwood Dr,38.297,-83.244,2010
769,American Robin,Turdus migratorius,2010-09-26 14:00,Boxend,37.5800221,-84.2801456,2010
770,House Finch,Haemorhous mexicanus,2010-09-26 14:00,Boxend,37.5800221,-84.2801456,2010
771,American Goldfinch,Spinus tristis,2010-09-26 14:00,Boxend,37.5800221,-84.2801456,2010
772,Black-and-white Warbler,Mniotilta varia,2010-09-26 14:00,Boxend,37.5800221,-84.2801456,2010
773,Tennessee Warbler,Leiothlypis peregrina,2010-09-26 14:00,Boxend,37.5800221,-84.2801456,2010
774,Black Vulture,Coragyps atratus,2010-09-26 11:00,Berea College Forest,37.5544274,-84.2409056,2010
775,Accipiter sp.,Accipiter sp.,2010-09-26 11:00,Berea College Forest,37.5544274,-84.2409056,2010
776,Yellow-bellied Sapsucker,Sphyrapicus varius,2010-09-26 11:00,Berea College Forest,37.5544274,-84.2409056,2010
777,White-eyed Vireo,Vireo griseus,2010-09-26 11:00,Berea College Forest,37.5544274,-84.2409056,2010
778,Philadelphia Vireo,Vireo philadelphicus,2010-09-26 11:00,Berea College Forest,37.5544274,-84.2409056,2010
779,Ruby-crowned Kinglet,Regulus calendula,2010-09-26 11:00,Berea College Forest,37.5544274,-84.2409056,2010
780,Cedar Waxwing,Bombycilla cedrorum,2010-09-26 11:00,Berea College Forest,37.5544274,-84.2409056,2010
781,Chipping Sparrow,Spizella passerina,2010-09-26 11:00,Berea College Forest,37.5544274,-84.2409056,2010
782,Field Sparrow,Spizella pusilla,2010-09-26 11:00,Berea College Forest,37.5544274,-84.2409056,2010
783,Eastern Towhee,Pipilo erythrophthalmus,2010-09-26 11:00,Berea College Forest,37.5544274,-84.2409056,2010
784,American Redstart,Setophaga ruticilla,2010-09-26 11:00,Berea College Forest,37.5544274,-84.2409056,2010
785,Magnolia Warbler,Setophaga magnolia,2010-09-26 11:00,Berea College Forest,37.5544274,-84.2409056,2010
786,Blackburnian Warbler,Setophaga fusca,2010-09-26 11:00,Berea College Forest,37.5544274,-84.2409056,2010
787,Pine Warbler,Setophaga pinus,2010-09-26 11:00,Berea College Forest,37.5544274,-84.2409056,2010
788,Yellow-throated Warbler,Setophaga dominica,2010-09-26 11:00,Berea College Forest,37.5544274,-84.2409056,2010
789,Scarlet Tanager,Piranga olivacea,2010-09-26 11:00,Berea College Forest,37.5544274,-84.2409056,2010
790,Indigo Bunting,Passerina cyanea,2010-09-26 11:00,Berea College Forest,37.5544274,-84.2409056,2010
791,Canada Goose,Branta canadensis,2010-09-26 10:25,Alpha,37.182608,-84.658483,2010
792,Rock Pigeon,Columba livia,2010-09-26 10:25,Alpha,37.182608,-84.658483,2010
793,Osprey,Pandion haliaetus,2010-09-26 10:25,Alpha,37.182608,-84.658483,2010
794,American Kestrel,Falco sparverius,2010-09-26 10:25,Alpha,37.182608,-84.658483,2010
795,European Starling,Sturnus vulgaris,2010-09-26 10:25,Alpha,37.182608,-84.658483,2010
796,Red-winged Blackbird,Agelaius phoeniceus,2010-09-26 10:25,Alpha,37.182608,-84.658483,2010
797,Ovenbird,Seiurus aurocapilla,2010-09-26 10:25,Alpha,37.182608,-84.658483,2010
798,Nashville Warbler,Leiothlypis ruficapilla,2010-09-26 10:25,Alpha,37.182608,-84.658483,2010
799,Cape May Warbler,Setophaga tigrina,2010-09-26 10:25,Alpha,37.182608,-84.658483,2010
800,Palm Warbler,Setophaga palmarum,2010-09-26 10:25,Alpha,37.182608,-84.658483,2010
801,Yellow-rumped Warbler,Setophaga coronata,2010-09-26 10:25,Alpha,37.182608,-84.658483,2010
802,Eastern Meadowlark,Sturnella magna,2010-09-26 09:45,Lewis Co WMA,38.684,-83.065,2010
803,Wood Duck,Aix sponsa,2010-09-26 08:30,Joe Creason Park,38.21048,-85.70608,2010
804,Pied-billed Grebe,Podilymbus podiceps,2010-09-26 08:30,Bernheim Arboretum & Research Forest (Bullitt Co.),37.9189287,-85.6611195,2010
805,Chimney Swift,Chaetura pelagica,2010-09-26 08:30,Joe Creason Park,38.21048,-85.70608,2010
806,Green Heron,Butorides virescens,2010-09-26 08:30,Bernheim Arboretum & Research Forest (Bullitt Co.),37.9189287,-85.6611195,2010
807,Cooper's Hawk,Accipiter cooperii,2010-09-26 08:30,Joe Creason Park,38.21048,-85.70608,2010
808,Bald Eagle,Haliaeetus leucocephalus,2010-09-26 08:30,Bernheim Arboretum & Research Forest (Bullitt Co.),37.9189287,-85.6611195,2010
809,Red-shouldered Hawk,Buteo lineatus,2010-09-26 08:30,Joe Creason Park,38.21048,-85.70608,2010
810,House Wren,Troglodytes aedon,2010-09-26 08:30,Joe Creason Park,38.21048,-85.70608,2010
811,Northern Mockingbird,Mimus polyglottos,2010-09-26 08:30,Bernheim Arboretum & Research Forest (Bullitt Co.),37.9189287,-85.6611195,2010
812,House Sparrow,Passer domesticus,2010-09-26 08:30,Joe Creason Park,38.21048,-85.70608,2010
813,Song Sparrow,Melospiza melodia,2010-09-26 08:30,Joe Creason Park,38.21048,-85.70608,2010
814,Brown-headed Cowbird,Molothrus ater,2010-09-26 08:30,Joe Creason Park,38.21048,-85.70608,2010
815,Common Grackle,Quiscalus quiscula,2010-09-26 08:30,Joe Creason Park,38.21048,-85.70608,2010
816,Chestnut-sided Warbler,Setophaga pensylvanica,2010-09-26 08:30,Joe Creason Park,38.21048,-85.70608,2010
817,Wilson's Warbler,Cardellina pusilla,2010-09-26 08:30,Joe Creason Park,38.21048,-85.70608,2010
818,Sharp-shinned Hawk,Accipiter striatus,2010-09-26 08:00,Nolin Lake & Environs,37.3374081,-86.1547852,2010
819,Broad-winged Hawk,Buteo platypterus,2010-09-26 08:00,Central KY WMA,37.6259247,-84.202652,2010
820,Belted Kingfisher,Megaceryle alcyon,2010-09-26 08:00,Nolin Lake & Environs,37.3374081,-86.1547852,2010
821,Tree Swallow,Tachycineta bicolor,2010-09-26 08:00,Central KY WMA,37.6259247,-84.202652,2010
822,Northern Parula,Setophaga americana,2010-09-26 08:00,Nolin Lake & Environs,37.3374081,-86.1547852,2010
823,Snowy Egret,Egretta thula,2010-09-26,Jonathan Creek Embayment,36.7747921,-88.2284264,2010
824,Bank Swallow,Riparia riparia,2010-09-26,Jonathan Creek Embayment,36.7747921,-88.2284264,2010
825,Chimney Swift,Chaetura pelagica,2005-09-26 18:15,Waitsboro Rec. Area,37.01551,-84.6357729,2005
826,Laughing Gull,Leucophaeus atricilla,2005-09-26 18:15,Waitsboro Rec. Area,37.01551,-84.6357729,2005
827,Double-crested Cormorant,Phalacrocorax auritus,2005-09-26 18:15,Waitsboro Rec. Area,37.01551,-84.6357729,2005
828,American Golden-Plover,Pluvialis dominica,2005-09-26 08:00,Crappie Hollow (Blood River),36.5777315,-88.1470238,2005
829,Killdeer,Charadrius vociferus,2005-09-26 08:00,Crappie Hollow (Blood River),36.5777315,-88.1470238,2005
830,Stilt Sandpiper,Calidris himantopus,2005-09-26 08:00,Crappie Hollow (Blood River),36.5777315,-88.1470238,2005
831,Least Sandpiper,Calidris minutilla,2005-09-26 08:00,Crappie Hollow (Blood River),36.5777315,-88.1470238,2005
832,Pectoral Sandpiper,Calidris melanotos,2005-09-26 08:00,Crappie Hollow (Blood River),36.5777315,-88.1470238,2005
833,Semipalmated Sandpiper,Calidris pusilla,2005-09-26 08:00,Crappie Hollow (Blood River),36.5777315,-88.1470238,2005
834,Western Sandpiper,Calidris mauri,2005-09-26 08:00,Crappie Hollow (Blood River),36.5777315,-88.1470238,2005
835,Lesser Yellowlegs,Tringa flavipes,2005-09-26 08:00,Crappie Hollow (Blood River),36.5777315,-88.1470238,2005
836,Great Blue Heron,Ardea herodias,2005-09-26 08:00,Crappie Hollow (Blood River),36.5777315,-88.1470238,2005
837,Great Egret,Ardea alba,2005-09-26 08:00,Crappie Hollow (Blood River),36.5777315,-88.1470238,2005
838,Snowy Egret,Egretta thula,2005-09-26 08:00,Crappie Hollow (Blood River),36.5777315,-88.1470238,2005
839,Marbled Godwit,Limosa fedoa,2005-09-26 00:00,Jonathan Creek Embayment,36.7747921,-88.2284264,2005
840,Forster's Tern,Sterna forsteri,2005-09-26,Jonathan Creek Embayment,36.7747921,-88.2284264,2005
841,American Pipit,Anthus rubescens,2005-09-26,Jonathan Creek Embayment,36.7747921,-88.2284264,2005
