Species_Code,Common_Name,Scientific_Name,Date,Bird_Count,lat,lng,subId,Notable_Normal,Year,Month,Day,Family_Name
calhum,Calliope Hummingbird,Selasphorus calliope,2020-10-01 16:20,1.0,29.5772196,-95.6777322,S74298334,1,2020,10,1,Trochilidae
calhum,Calliope Hummingbird,Selasphorus calliope,2020-10-01 14:23,1.0,31.9994008,-109.2720124,S74298477,1,2020,10,1,Trochilidae
calhum,Calliope Hummingbird,Selasphorus calliope,2020-10-01 08:58,1.0,32.295309,-110.815493,S74279465,1,2020,10,1,Trochilidae
calhum,Calliope Hummingbird,Selasphorus calliope,2020-10-01 06:37,1.0,31.417106,-110.245284,S74276679,1,2020,10,1,Trochilidae
calhum,Calliope Hummingbird,Selasphorus calliope,2020-09-30 18:12,2.0,32.3712145,-106.7691779,S74262129,1,2020,9,30,Trochilidae
calhum,Calliope Hummingbird,Selasphorus calliope,2020-09-30 17:38,1.0,31.4920438,-110.9900558,S74261962,1,2020,9,30,Trochilidae
calhum,Calliope Hummingbird,Selasphorus calliope,2020-09-30 17:27,2.0,31.9136009,-109.1408005,S74262487,1,2020,9,30,Trochilidae
calhum,Calliope Hummingbird,Selasphorus calliope,2020-09-30 15:27,1.0,30.6173798,-104.0970039,S74264939,1,2020,9,30,Trochilidae
calhum,Calliope Hummingbird,Selasphorus calliope,2020-09-30 13:20,1.0,32.3590068,-106.7305477,S74253006,1,2020,9,30,Trochilidae
calhum,Calliope Hummingbird,Selasphorus calliope,2020-09-30 10:41,1.0,31.9063055,-109.1534289,S74262961,1,2020,9,30,Trochilidae
calhum,Calliope Hummingbird,Selasphorus calliope,2020-09-30 09:30,2.0,32.97675,-107.384544,S74252224,1,2020,9,30,Trochilidae
calhum,Calliope Hummingbird,Selasphorus calliope,2020-09-30 06:47,3.0,32.920771,-107.575696,S74237325,1,2020,9,30,Trochilidae
calhum,Calliope Hummingbird,Selasphorus calliope,2020-09-30 06:26,1.0,31.7251514,-110.8801067,S74246757,1,2020,9,30,Trochilidae
calhum,Calliope Hummingbird,Selasphorus calliope,2020-09-29 17:08,1.0,32.4427119,-110.7598686,S74299272,1,2020,9,29,Trochilidae
calhum,Calliope Hummingbird,Selasphorus calliope,2020-09-29 13:41,1.0,29.4917768,-103.4670389,S74228818,1,2020,9,29,Trochilidae
calhum,Calliope Hummingbird,Selasphorus calliope,2020-09-29 10:37,1.0,31.5390131,-110.7606337,S74215516,1,2020,9,29,Trochilidae
calhum,Calliope Hummingbird,Selasphorus calliope,2020-09-29 08:10,2.0,31.4156019,-110.2765277,S74232217,1,2020,9,29,Trochilidae
calhum,Calliope Hummingbird,Selasphorus calliope,2020-09-29 08:00,1.0,35.526299,-105.9245445,S74206862,1,2020,9,29,Trochilidae
calhum,Calliope Hummingbird,Selasphorus calliope,2020-09-29 07:30,1.0,31.3904516,-110.2392496,S74219835,1,2020,9,29,Trochilidae
calhum,Calliope Hummingbird,Selasphorus calliope,2020-09-29 06:23,1.0,32.0982815,-110.6849177,S74205019,1,2020,9,29,Trochilidae
calhum,Calliope Hummingbird,Selasphorus calliope,2020-09-28 16:06,1.0,31.8815054,-109.1891165,S74192365,1,2020,9,28,Trochilidae
calhum,Calliope Hummingbird,Selasphorus calliope,2020-09-28 16:00,1.0,34.1726552,-103.3249658,S74192560,1,2020,9,28,Trochilidae
calhum,Calliope Hummingbird,Selasphorus calliope,2020-09-28 14:47,1.0,35.1336325,-106.4736557,S74186016,1,2020,9,28,Trochilidae
calhum,Calliope Hummingbird,Selasphorus calliope,2020-09-28 10:59,1.0,31.9041957,-109.1561556,S74264908,1,2020,9,28,Trochilidae
calhum,Calliope Hummingbird,Selasphorus calliope,2020-09-28 09:52,1.0,31.784625,-106.493959,S74260208,1,2020,9,28,Trochilidae
calhum,Calliope Hummingbird,Selasphorus calliope,2020-09-28 09:00,1.0,30.6211468,-103.9823824,S74212192,1,2020,9,28,Trochilidae
calhum,Calliope Hummingbird,Selasphorus calliope,2020-09-28 08:59,2.0,35.6484708,-105.9865763,S74174909,1,2020,9,28,Trochilidae
calhum,Calliope Hummingbird,Selasphorus calliope,2020-09-28 07:45,1.0,35.69397,-105.96309,S74166578,1,2020,9,28,Trochilidae
calhum,Calliope Hummingbird,Selasphorus calliope,2020-09-28 07:15,1.0,31.4088134,-110.1067829,S74181753,1,2020,9,28,Trochilidae
calhum,Calliope Hummingbird,Selasphorus calliope,2020-09-28 07:00,1.0,31.4641892,-109.9561961,S74175452,1,2020,9,28,Trochilidae
calhum,Calliope Hummingbird,Selasphorus calliope,2020-09-28 06:48,1.0,35.1346021,-106.6947944,S74166598,1,2020,9,28,Trochilidae
calhum,Calliope Hummingbird,Selasphorus calliope,2020-09-28 06:30,1.0,31.3853692,-110.2273214,S74176911,1,2020,9,28,Trochilidae
calhum,Calliope Hummingbird,Selasphorus calliope,2020-09-27 12:49,1.0,34.693806,-112.0264882,S74139624,1,2020,9,27,Trochilidae
calhum,Calliope Hummingbird,Selasphorus calliope,2020-09-27 09:14,1.0,30.618894,-103.982375,S74120070,1,2020,9,27,Trochilidae
calhum,Calliope Hummingbird,Selasphorus calliope,2020-09-27 09:10,1.0,40.3125911,-111.9062018,S74122202,1,2020,9,27,Trochilidae
calhum,Calliope Hummingbird,Selasphorus calliope,2020-09-27 08:30,1.0,35.7534278,-105.9243729,S74124616,1,2020,9,27,Trochilidae
calhum,Calliope Hummingbird,Selasphorus calliope,2020-09-27 08:14,3.0,32.976337,-107.376797,S74122711,1,2020,9,27,Trochilidae
calhum,Calliope Hummingbird,Selasphorus calliope,2020-09-27 08:00,1.0,33.9878886,-106.8851735,S74118511,1,2020,9,27,Trochilidae
calhum,Calliope Hummingbird,Selasphorus calliope,2020-09-27 06:20,1.0,31.7941059,-106.5324983,S74170738,1,2020,9,27,Trochilidae
calhum,Calliope Hummingbird,Selasphorus calliope,2020-09-27 06:15,2.0,31.911851,-109.13673,S74146712,1,2020,9,27,Trochilidae
calhum,Calliope Hummingbird,Selasphorus calliope,2020-09-26 16:35,1.0,31.9350554,-109.2191966,S74100992,1,2020,9,26,Trochilidae
calhum,Calliope Hummingbird,Selasphorus calliope,2020-09-26 16:06,1.0,34.4343548,-103.7991207,S74107853,1,2020,9,26,Trochilidae
calhum,Calliope Hummingbird,Selasphorus calliope,2020-09-26 12:32,1.0,31.9150326,-109.2690586,S74103333,1,2020,9,26,Trochilidae
calhum,Calliope Hummingbird,Selasphorus calliope,2020-09-26 12:10,2.0,31.911621,-109.143369,S74125703,1,2020,9,26,Trochilidae
calhum,Calliope Hummingbird,Selasphorus calliope,2020-09-26 11:20,1.0,31.9328003,-109.2713013,S74103221,1,2020,9,26,Trochilidae
calhum,Calliope Hummingbird,Selasphorus calliope,2020-09-26 10:45,3.0,32.976353,-107.376698,S74081067,1,2020,9,26,Trochilidae
calhum,Calliope Hummingbird,Selasphorus calliope,2020-09-26 10:42,1.0,31.915746,-109.267337,S74103045,1,2020,9,26,Trochilidae
calhum,Calliope Hummingbird,Selasphorus calliope,2020-09-26 09:15,1.0,39.582366,-104.955517,S74075872,1,2020,9,26,Trochilidae
calhum,Calliope Hummingbird,Selasphorus calliope,2020-09-26 08:13,2.0,31.8688764,-109.1883919,S74103185,1,2020,9,26,Trochilidae
calhum,Calliope Hummingbird,Selasphorus calliope,2020-09-26 08:06,1.0,43.6641235,-116.2945908,S74101103,1,2020,9,26,Trochilidae
calhum,Calliope Hummingbird,Selasphorus calliope,2020-09-26 06:45,1.0,31.480015,-110.2874,S74073568,1,2020,9,26,Trochilidae
calhum,Calliope Hummingbird,Selasphorus calliope,2020-09-25 18:30,2.0,32.8266086,-108.2696753,S74056838,1,2020,9,25,Trochilidae
calhum,Calliope Hummingbird,Selasphorus calliope,2020-09-25 15:00,1.0,32.4484106,-110.7810647,S74228592,1,2020,9,25,Trochilidae
calhum,Calliope Hummingbird,Selasphorus calliope,2020-09-25 11:18,1.0,31.8867772,-109.1731811,S74045994,1,2020,9,25,Trochilidae
calhum,Calliope Hummingbird,Selasphorus calliope,2020-09-25 07:53,1.0,35.0835605,-106.262354,S74032972,1,2020,9,25,Trochilidae
calhum,Calliope Hummingbird,Selasphorus calliope,2020-09-25 07:53,2.0,35.2204294,-106.606689,S74038244,1,2020,9,25,Trochilidae
calhum,Calliope Hummingbird,Selasphorus calliope,2020-09-25 06:59,2.0,35.256019,-106.5954924,S74032682,1,2020,9,25,Trochilidae
calhum,Calliope Hummingbird,Selasphorus calliope,2020-09-24 17:10,1.0,31.4204234,-110.2475023,S74020283,1,2020,9,24,Trochilidae
calhum,Calliope Hummingbird,Selasphorus calliope,2020-09-24 16:53,1.0,40.096993,-105.1766367,S74015007,1,2020,9,24,Trochilidae
calhum,Calliope Hummingbird,Selasphorus calliope,2020-09-24 16:05,1.0,32.2591891,-109.8416094,S74016559,1,2020,9,24,Trochilidae
calhum,Calliope Hummingbird,Selasphorus calliope,2020-09-24 14:00,1.0,31.8669882,-106.6506936,S74012185,1,2020,9,24,Trochilidae
calhum,Calliope Hummingbird,Selasphorus calliope,2020-09-24 13:00,1.0,31.9144645,-109.1443118,S74012958,1,2020,9,24,Trochilidae
calhum,Calliope Hummingbird,Selasphorus calliope,2020-09-24 10:17,1.0,32.322136,-106.761435,S74031434,1,2020,9,24,Trochilidae
calhum,Calliope Hummingbird,Selasphorus calliope,2020-09-24 09:30,1.0,29.575866,-95.676644,S73999737,1,2020,9,24,Trochilidae
calhum,Calliope Hummingbird,Selasphorus calliope,2020-09-24 09:28,1.0,35.13,-106.683,S74002693,1,2020,9,24,Trochilidae
calhum,Calliope Hummingbird,Selasphorus calliope,2020-09-24 06:20,1.0,31.72993,-108.97962,S73999354,1,2020,9,24,Trochilidae
calhum,Calliope Hummingbird,Selasphorus calliope,2020-09-23 15:02,1.0,39.2280075,-106.9321307,S73982396,1,2020,9,23,Trochilidae
calhum,Calliope Hummingbird,Selasphorus calliope,2020-09-23 12:48,1.0,32.4282238,-106.5477705,S73984870,1,2020,9,23,Trochilidae
calhum,Calliope Hummingbird,Selasphorus calliope,2020-09-23 12:35,1.0,31.913814,-109.140933,S73988079,1,2020,9,23,Trochilidae
calhum,Calliope Hummingbird,Selasphorus calliope,2020-09-23 08:59,1.0,34.0880439,-109.412984,S73997360,1,2020,9,23,Trochilidae
calhum,Calliope Hummingbird,Selasphorus calliope,2020-09-23 08:09,1.0,35.3792071,-104.196666,S73957744,1,2020,9,23,Trochilidae
calhum,Calliope Hummingbird,Selasphorus calliope,2020-09-23 07:55,1.0,40.7432253,-111.8728888,S73961486,1,2020,9,23,Trochilidae
calhum,Calliope Hummingbird,Selasphorus calliope,2020-09-23 07:19,1.0,35.6739168,-106.0710154,S73960515,1,2020,9,23,Trochilidae
calhum,Calliope Hummingbird,Selasphorus calliope,2020-09-23 07:00,1.0,31.8637556,-106.6263426,S73959343,1,2020,9,23,Trochilidae
calhum,Calliope Hummingbird,Selasphorus calliope,2020-09-23 06:36,1.0,35.1734808,-111.6748661,S74025143,1,2020,9,23,Trochilidae
calhum,Calliope Hummingbird,Selasphorus calliope,2020-09-22 19:02,1.0,31.858598,-106.6114944,S73944333,1,2020,9,22,Trochilidae
calhum,Calliope Hummingbird,Selasphorus calliope,2020-09-22 17:05,1.0,35.5527006,-105.9713363,S74013045,1,2020,9,22,Trochilidae
calhum,Calliope Hummingbird,Selasphorus calliope,2020-09-22 14:35,1.0,38.1307083,-108.2882452,S73946298,1,2020,9,22,Trochilidae
calhum,Calliope Hummingbird,Selasphorus calliope,2020-09-22 13:44,2.0,35.0026369,-106.1884354,S73934314,1,2020,9,22,Trochilidae
calhum,Calliope Hummingbird,Selasphorus calliope,2020-09-22 08:16,1.0,35.082939,-106.262242,S73923166,1,2020,9,22,Trochilidae
calhum,Calliope Hummingbird,Selasphorus calliope,2020-09-22 07:41,1.0,40.7351775,-111.8434596,S73922705,1,2020,9,22,Trochilidae
calhum,Calliope Hummingbird,Selasphorus calliope,2020-09-22 07:15,1.0,39.7007566,-105.1545078,S73923854,1,2020,9,22,Trochilidae
calhum,Calliope Hummingbird,Selasphorus calliope,2020-09-21 16:51,1.0,45.7113452,-121.4985982,S74088948,1,2020,9,21,Trochilidae
calhum,Calliope Hummingbird,Selasphorus calliope,2020-09-21 14:30,1.0,45.584697,-111.0806178,S73920620,1,2020,9,21,Trochilidae
calhum,Calliope Hummingbird,Selasphorus calliope,2020-09-21 10:49,1.0,38.2689881,-108.5435727,S73876628,1,2020,9,21,Trochilidae
calhum,Calliope Hummingbird,Selasphorus calliope,2020-09-21 09:35,1.0,31.8012696,-106.5038359,S73875311,1,2020,9,21,Trochilidae
calhum,Calliope Hummingbird,Selasphorus calliope,2020-09-21 09:15,1.0,37.3097203,-107.8546625,S73885378,1,2020,9,21,Trochilidae
calhum,Calliope Hummingbird,Selasphorus calliope,2020-09-21 09:07,1.0,42.6663004,-118.5646731,S73902185,1,2020,9,21,Trochilidae
calhum,Calliope Hummingbird,Selasphorus calliope,2020-09-21 09:02,2.0,32.323151,-106.743014,S73879525,1,2020,9,21,Trochilidae
calhum,Calliope Hummingbird,Selasphorus calliope,2020-09-21 08:43,1.0,35.251931,-106.601219,S73871449,1,2020,9,21,Trochilidae
calhum,Calliope Hummingbird,Selasphorus calliope,2020-09-21 07:54,1.0,35.8198309,-106.2019286,S73871604,1,2020,9,21,Trochilidae
calhum,Calliope Hummingbird,Selasphorus calliope,2020-09-20 15:15,2.0,31.8368785,-109.0286636,S73858250,1,2020,9,20,Trochilidae
calhum,Calliope Hummingbird,Selasphorus calliope,2020-09-20 08:34,1.0,34.448625,-111.470892,S73839486,1,2020,9,20,Trochilidae
calhum,Calliope Hummingbird,Selasphorus calliope,2020-09-20 08:13,1.0,31.7905434,-106.4549595,S73859506,1,2020,9,20,Trochilidae
calhum,Calliope Hummingbird,Selasphorus calliope,2020-09-20 07:52,1.0,35.038646,-106.204189,S73827930,1,2020,9,20,Trochilidae
calhum,Calliope Hummingbird,Selasphorus calliope,2020-09-20 07:33,1.0,31.7535968,-103.1609472,S73820698,1,2020,9,20,Trochilidae
calhum,Calliope Hummingbird,Selasphorus calliope,2020-09-20 07:20,1.0,35.2265012,-106.5988129,S73834720,1,2020,9,20,Trochilidae
calhum,Calliope Hummingbird,Selasphorus calliope,2020-09-20 07:03,1.0,31.8349826,-106.6082811,S73827036,1,2020,9,20,Trochilidae
calhum,Calliope Hummingbird,Selasphorus calliope,2020-09-20 07:02,1.0,38.7992853,-109.2046978,S73843065,1,2020,9,20,Trochilidae
calhum,Calliope Hummingbird,Selasphorus calliope,2020-09-19 12:07,1.0,29.537625,-98.837767,S73834970,1,2020,9,19,Trochilidae
calhum,Calliope Hummingbird,Selasphorus calliope,2020-09-19 11:14,1.0,37.98014,-100.86064,S73780644,1,2020,9,19,Trochilidae
calhum,Calliope Hummingbird,Selasphorus calliope,2020-09-19 10:55,1.0,31.50034,-110.275623,S73790163,1,2020,9,19,Trochilidae
calhum,Calliope Hummingbird,Selasphorus calliope,2020-09-19 10:30,1.0,35.0807861,-106.6717958,S73788091,1,2020,9,19,Trochilidae
calhum,Calliope Hummingbird,Selasphorus calliope,2020-09-19 09:51,1.0,35.167564,-106.3801861,S73802889,1,2020,9,19,Trochilidae
calhum,Calliope Hummingbird,Selasphorus calliope,2020-09-19 09:05,1.0,38.4273028,-120.9178019,S73788812,1,2020,9,19,Trochilidae
calhum,Calliope Hummingbird,Selasphorus calliope,2020-09-19 08:23,1.0,31.5177588,-110.3884391,S73785673,1,2020,9,19,Trochilidae
calhum,Calliope Hummingbird,Selasphorus calliope,2020-09-19 08:15,1.0,30.5962706,-103.9347249,S73808538,1,2020,9,19,Trochilidae
calhum,Calliope Hummingbird,Selasphorus calliope,2020-09-19 07:45,1.0,37.7727501,-111.6155577,S73811217,1,2020,9,19,Trochilidae
calhum,Calliope Hummingbird,Selasphorus calliope,2020-09-19 06:39,2.0,34.8020211,-106.7173827,S73780632,1,2020,9,19,Trochilidae
calhum,Calliope Hummingbird,Selasphorus calliope,2020-09-19 06:23,1.0,31.4384285,-110.1076526,S73780696,1,2020,9,19,Trochilidae
calhum,Calliope Hummingbird,Selasphorus calliope,2020-09-19,1.0,32.284824,-106.7645144,S73783815,1,2020,9,19,Trochilidae
calhum,Calliope Hummingbird,Selasphorus calliope,2020-09-18 17:45,1.0,39.635246,-104.88372,S73763449,1,2020,9,18,Trochilidae
calhum,Calliope Hummingbird,Selasphorus calliope,2020-09-18 17:27,1.0,35.1279291,-106.5902513,S73759085,1,2020,9,18,Trochilidae
calhum,Calliope Hummingbird,Selasphorus calliope,2020-09-18 10:03,1.0,34.821938,-111.818123,S73743515,1,2020,9,18,Trochilidae
calhum,Calliope Hummingbird,Selasphorus calliope,2020-09-18 09:35,1.0,32.1861206,-110.8162263,S73753353,1,2020,9,18,Trochilidae
calhum,Calliope Hummingbird,Selasphorus calliope,2020-09-18 09:11,1.0,35.3160816,-111.5550497,S73742200,1,2020,9,18,Trochilidae
calhum,Calliope Hummingbird,Selasphorus calliope,2020-09-18 08:00,1.0,38.4558585,-107.8632116,S73743049,1,2020,9,18,Trochilidae
calhum,Calliope Hummingbird,Selasphorus calliope,2020-09-18 07:58,1.0,31.858608,-106.611631,S73736205,1,2020,9,18,Trochilidae
calhum,Calliope Hummingbird,Selasphorus calliope,2020-09-18 07:00,1.0,34.8212285,-111.8185955,S73758371,1,2020,9,18,Trochilidae
calhum,Calliope Hummingbird,Selasphorus calliope,2020-09-17 17:47,1.0,37.919348,-99.40875,S73719656,1,2020,9,17,Trochilidae
calhum,Calliope Hummingbird,Selasphorus calliope,2020-09-17 17:25,1.0,35.1770706,-106.6414225,S73722393,1,2020,9,17,Trochilidae
calhum,Calliope Hummingbird,Selasphorus calliope,2020-09-17 09:50,1.0,31.421952,-110.2966156,S73707180,1,2020,9,17,Trochilidae
calhum,Calliope Hummingbird,Selasphorus calliope,2020-09-17 08:40,1.0,34.9274153,-110.1438162,S73707490,1,2020,9,17,Trochilidae
calhum,Calliope Hummingbird,Selasphorus calliope,2020-09-17 08:28,2.0,33.322058,-108.875486,S73783729,1,2020,9,17,Trochilidae
calhum,Calliope Hummingbird,Selasphorus calliope,2020-09-17 07:48,1.0,39.8723965,-75.3699875,S73703131,1,2020,9,17,Trochilidae
calhum,Calliope Hummingbird,Selasphorus calliope,2020-09-17 07:33,1.0,32.001288,-104.794715,S73788404,1,2020,9,17,Trochilidae
calhum,Calliope Hummingbird,Selasphorus calliope,2020-09-17 07:19,1.0,32.8668999,-107.3059559,S73786192,1,2020,9,17,Trochilidae
calhum,Calliope Hummingbird,Selasphorus calliope,2020-09-17 07:18,1.0,35.4760727,-106.0940893,S73699964,1,2020,9,17,Trochilidae
calhum,Calliope Hummingbird,Selasphorus calliope,2020-09-17,1.0,30.3660623,-103.6742771,S73707905,1,2020,9,17,Trochilidae
calhum,Calliope Hummingbird,Selasphorus calliope,2020-09-16 18:07,1.0,31.8209406,-106.5630008,S73687837,1,2020,9,16,Trochilidae
calhum,Calliope Hummingbird,Selasphorus calliope,2020-09-16 17:35,1.0,32.328408,-110.850251,S73688211,1,2020,9,16,Trochilidae
calhum,Calliope Hummingbird,Selasphorus calliope,2020-09-16 17:00,2.0,30.6153115,-103.9919472,S73684664,1,2020,9,16,Trochilidae
calhum,Calliope Hummingbird,Selasphorus calliope,2020-09-16 15:30,1.0,35.8955694,-105.2120683,S73765329,1,2020,9,16,Trochilidae
calhum,Calliope Hummingbird,Selasphorus calliope,2020-09-16 10:20,1.0,34.520847,-103.1939531,S73670878,1,2020,9,16,Trochilidae
calhum,Calliope Hummingbird,Selasphorus calliope,2020-09-16 09:45,1.0,31.8988382,-109.1622511,S73707771,1,2020,9,16,Trochilidae
calhum,Calliope Hummingbird,Selasphorus calliope,2020-09-16 08:30,1.0,31.380465,-110.227961,S73667954,1,2020,9,16,Trochilidae
calhum,Calliope Hummingbird,Selasphorus calliope,2020-09-16 08:10,1.0,32.2525151,-106.8224716,S73674990,1,2020,9,16,Trochilidae
calhum,Calliope Hummingbird,Selasphorus calliope,2020-09-16 08:00,1.0,39.9970462,-105.1141834,S73690549,1,2020,9,16,Trochilidae
calhum,Calliope Hummingbird,Selasphorus calliope,2020-09-16 07:45,1.0,31.992824,-102.118528,S73699126,1,2020,9,16,Trochilidae
calhum,Calliope Hummingbird,Selasphorus calliope,2020-09-16 07:45,1.0,35.084377,-106.6203403,S73675421,1,2020,9,16,Trochilidae
calhum,Calliope Hummingbird,Selasphorus calliope,2020-09-16 07:30,4.0,35.6954328,-106.0057391,S73665406,1,2020,9,16,Trochilidae
calhum,Calliope Hummingbird,Selasphorus calliope,2020-09-16 06:49,1.0,32.255728,-110.733631,S73665953,1,2020,9,16,Trochilidae
calhum,Calliope Hummingbird,Selasphorus calliope,2020-09-16 06:42,1.0,34.4030236,-103.0429709,S73665752,1,2020,9,16,Trochilidae
calhum,Calliope Hummingbird,Selasphorus calliope,2020-09-16 06:37,2.0,35.098239,-106.621195,S73699616,1,2020,9,16,Trochilidae
calhum,Calliope Hummingbird,Selasphorus calliope,2020-09-16 06:17,1.0,32.5567428,-117.0849895,S73672491,1,2020,9,16,Trochilidae
calhum,Calliope Hummingbird,Selasphorus calliope,2020-09-15 18:50,1.0,31.9626851,-106.6660988,S73651312,1,2020,9,15,Trochilidae
calhum,Calliope Hummingbird,Selasphorus calliope,2020-09-15 14:35,2.0,33.7945401,-106.8739271,S73651057,1,2020,9,15,Trochilidae
calhum,Calliope Hummingbird,Selasphorus calliope,2020-09-15 14:18,1.0,38.7528785,-108.0821228,S73641627,1,2020,9,15,Trochilidae
calhum,Calliope Hummingbird,Selasphorus calliope,2020-09-15 12:34,1.0,38.5491054,-106.9416825,S73637425,1,2020,9,15,Trochilidae
calhum,Calliope Hummingbird,Selasphorus calliope,2020-09-15 10:55,1.0,32.2602256,-106.7233005,S73759219,1,2020,9,15,Trochilidae
calhum,Calliope Hummingbird,Selasphorus calliope,2020-09-15 10:15,1.0,31.9860597,-104.7691626,S73787846,1,2020,9,15,Trochilidae
calhum,Calliope Hummingbird,Selasphorus calliope,2020-09-15 08:56,1.0,39.0541513,-108.5741472,S73637015,1,2020,9,15,Trochilidae
calhum,Calliope Hummingbird,Selasphorus calliope,2020-09-15 08:17,1.0,31.9172001,-109.2790985,S73645715,1,2020,9,15,Trochilidae
calhum,Calliope Hummingbird,Selasphorus calliope,2020-09-15 08:05,1.0,32.373369,-106.833055,S73638865,1,2020,9,15,Trochilidae
calhum,Calliope Hummingbird,Selasphorus calliope,2020-09-15 08:00,1.0,44.9573137,-116.2246686,S73685649,1,2020,9,15,Trochilidae
calhum,Calliope Hummingbird,Selasphorus calliope,2020-09-15 07:45,1.0,37.770384,-100.0115812,S73644857,1,2020,9,15,Trochilidae
calhum,Calliope Hummingbird,Selasphorus calliope,2020-09-15 07:43,5.0,35.245661,-106.670385,S73623906,1,2020,9,15,Trochilidae
calhum,Calliope Hummingbird,Selasphorus calliope,2020-09-15 07:42,1.0,32.261174,-106.723557,S73634090,1,2020,9,15,Trochilidae
calhum,Calliope Hummingbird,Selasphorus calliope,2020-09-15 07:30,1.0,31.9926084,-102.1185234,S73650526,1,2020,9,15,Trochilidae
calhum,Calliope Hummingbird,Selasphorus calliope,2020-09-15 07:22,1.0,32.2718803,-107.7351835,S73625149,1,2020,9,15,Trochilidae
calhum,Calliope Hummingbird,Selasphorus calliope,2020-09-15 07:02,1.0,35.892598,-106.0633265,S73624169,1,2020,9,15,Trochilidae
calhum,Calliope Hummingbird,Selasphorus calliope,2020-09-15 06:54,1.0,35.8889067,-106.3039041,S73629662,1,2020,9,15,Trochilidae
calhum,Calliope Hummingbird,Selasphorus calliope,2020-09-15 06:27,1.0,31.6094605,-110.9072828,S73623885,1,2020,9,15,Trochilidae
calhum,Calliope Hummingbird,Selasphorus calliope,2020-09-15 06:08,1.0,31.40806,-110.28619,S73638258,1,2020,9,15,Trochilidae
calhum,Calliope Hummingbird,Selasphorus calliope,2020-09-14 18:50,1.0,35.0997114,-106.4901729,S73611639,1,2020,9,14,Trochilidae
calhum,Calliope Hummingbird,Selasphorus calliope,2020-09-14 18:40,2.0,35.166683,-106.608448,S73613688,1,2020,9,14,Trochilidae
calhum,Calliope Hummingbird,Selasphorus calliope,2020-09-14 18:15,1.0,35.2365936,-106.6433215,S73612636,1,2020,9,14,Trochilidae
calhum,Calliope Hummingbird,Selasphorus calliope,2020-09-14 18:07,1.0,32.8329031,-108.2023307,S73611785,1,2020,9,14,Trochilidae
calhum,Calliope Hummingbird,Selasphorus calliope,2020-09-14 17:51,1.0,31.9069987,-104.8484516,S73614922,1,2020,9,14,Trochilidae
calhum,Calliope Hummingbird,Selasphorus calliope,2020-09-14 17:50,1.0,40.0615193,-105.1996708,S73614101,1,2020,9,14,Trochilidae
calhum,Calliope Hummingbird,Selasphorus calliope,2020-09-14 17:42,1.0,40.2284965,-105.2900537,S73611282,1,2020,9,14,Trochilidae
calhum,Calliope Hummingbird,Selasphorus calliope,2020-09-14 17:33,1.0,35.233991,-111.6723078,S73610408,1,2020,9,14,Trochilidae
calhum,Calliope Hummingbird,Selasphorus calliope,2020-09-14 14:41,1.0,37.0029682,-101.8990248,S73645429,1,2020,9,14,Trochilidae
calhum,Calliope Hummingbird,Selasphorus calliope,2020-09-14 14:25,1.0,37.166153,-107.293053,S73612788,1,2020,9,14,Trochilidae
calhum,Calliope Hummingbird,Selasphorus calliope,2020-09-14 11:58,1.0,45.5397283,-122.6179194,S73598747,1,2020,9,14,Trochilidae
calhum,Calliope Hummingbird,Selasphorus calliope,2020-09-14 11:40,1.0,43.583185,-116.319601,S73610888,1,2020,9,14,Trochilidae
calhum,Calliope Hummingbird,Selasphorus calliope,2020-09-14 10:34,1.0,39.7318119,-104.9635506,S73592991,1,2020,9,14,Trochilidae
calhum,Calliope Hummingbird,Selasphorus calliope,2020-09-14 10:33,1.0,32.9189081,-112.8944135,S73610802,1,2020,9,14,Trochilidae
calhum,Calliope Hummingbird,Selasphorus calliope,2020-09-14 10:15,1.0,31.3804217,-110.2280459,S73597034,1,2020,9,14,Trochilidae
calhum,Calliope Hummingbird,Selasphorus calliope,2020-09-14 09:55,2.0,30.5380904,-103.8373661,S73590649,1,2020,9,14,Trochilidae
calhum,Calliope Hummingbird,Selasphorus calliope,2020-09-14 09:33,2.0,33.322025,-108.875579,S73687789,1,2020,9,14,Trochilidae
calhum,Calliope Hummingbird,Selasphorus calliope,2020-09-14 08:30,1.0,43.5885907,-116.148853,S73602342,1,2020,9,14,Trochilidae
calhum,Calliope Hummingbird,Selasphorus calliope,2020-09-14 08:15,2.0,32.920078,-107.57049,S73588833,1,2020,9,14,Trochilidae
calhum,Calliope Hummingbird,Selasphorus calliope,2020-09-14 08:08,1.0,35.5650743,-106.102438,S73593325,1,2020,9,14,Trochilidae
calhum,Calliope Hummingbird,Selasphorus calliope,2020-09-14 07:52,1.0,35.6881106,-106.0145822,S73592094,1,2020,9,14,Trochilidae
calhum,Calliope Hummingbird,Selasphorus calliope,2020-09-14 07:31,1.0,33.1953785,-108.2047625,S73645246,1,2020,9,14,Trochilidae
calhum,Calliope Hummingbird,Selasphorus calliope,2020-09-14 07:20,1.0,31.992399,-102.118572,S73613655,1,2020,9,14,Trochilidae
calhum,Calliope Hummingbird,Selasphorus calliope,2020-09-14 07:15,1.0,35.8942711,-106.314421,S73587676,1,2020,9,14,Trochilidae
calhum,Calliope Hummingbird,Selasphorus calliope,2020-09-14 07:09,1.0,35.953366,-106.077946,S73601173,1,2020,9,14,Trochilidae
calhum,Calliope Hummingbird,Selasphorus calliope,2020-09-14 06:54,1.0,36.3991437,-105.5896854,S73585999,1,2020,9,14,Trochilidae
calhum,Calliope Hummingbird,Selasphorus calliope,2020-09-13 20:04,1.0,35.5508451,-105.8924586,S73572418,1,2020,9,13,Trochilidae
calhum,Calliope Hummingbird,Selasphorus calliope,2020-09-13 19:00,1.0,35.2036367,-106.7292628,S73626392,1,2020,9,13,Trochilidae
calhum,Calliope Hummingbird,Selasphorus calliope,2020-09-13 18:51,1.0,33.5550145,-101.8639944,S73570915,1,2020,9,13,Trochilidae
calhum,Calliope Hummingbird,Selasphorus calliope,2020-09-13 18:06,1.0,39.6000712,-104.9574888,S73612820,1,2020,9,13,Trochilidae
calhum,Calliope Hummingbird,Selasphorus calliope,2020-09-13 18:00,1.0,41.2439403,-111.9421587,S73570499,1,2020,9,13,Trochilidae
calhum,Calliope Hummingbird,Selasphorus calliope,2020-09-13 17:00,1.0,33.7724767,-106.9021654,S73572100,1,2020,9,13,Trochilidae
calhum,Calliope Hummingbird,Selasphorus calliope,2020-09-13 16:59,1.0,35.159068,-106.28697,S73567971,1,2020,9,13,Trochilidae
calhum,Calliope Hummingbird,Selasphorus calliope,2020-09-13 16:45,1.0,31.73085,-110.080341,S73568834,1,2020,9,13,Trochilidae
calhum,Calliope Hummingbird,Selasphorus calliope,2020-09-13 16:25,1.0,38.2476603,-122.9069294,S73573671,1,2020,9,13,Trochilidae
calhum,Calliope Hummingbird,Selasphorus calliope,2020-09-13 16:20,1.0,31.5546184,-111.0100974,S73568693,1,2020,9,13,Trochilidae
calhum,Calliope Hummingbird,Selasphorus calliope,2020-09-13 15:46,1.0,40.3922659,-111.809637,S73562407,1,2020,9,13,Trochilidae
calhum,Calliope Hummingbird,Selasphorus calliope,2020-09-13 15:35,1.0,39.6931431,-105.1181316,S73942110,1,2020,9,13,Trochilidae
calhum,Calliope Hummingbird,Selasphorus calliope,2020-09-13 15:30,1.0,39.6699438,-105.1566154,S73727434,1,2020,9,13,Trochilidae
calhum,Calliope Hummingbird,Selasphorus calliope,2020-09-13 14:30,1.0,39.0945641,-108.5410166,S73701326,1,2020,9,13,Trochilidae
calhum,Calliope Hummingbird,Selasphorus calliope,2020-09-13 14:30,1.0,39.0580863,-108.6256027,S73575988,1,2020,9,13,Trochilidae
calhum,Calliope Hummingbird,Selasphorus calliope,2020-09-13 13:29,1.0,39.080072,-108.614438,S73558435,1,2020,9,13,Trochilidae
calhum,Calliope Hummingbird,Selasphorus calliope,2020-09-13 11:46,1.0,38.9077124,-104.7308421,S73593529,1,2020,9,13,Trochilidae
calhum,Calliope Hummingbird,Selasphorus calliope,2020-09-13 11:17,3.0,34.2629286,-111.2922733,S73550170,1,2020,9,13,Trochilidae
calhum,Calliope Hummingbird,Selasphorus calliope,2020-09-13 10:42,1.0,31.7533506,-103.1600324,S73549745,1,2020,9,13,Trochilidae
calhum,Calliope Hummingbird,Selasphorus calliope,2020-09-13 10:17,1.0,35.182301,-106.456346,S73557020,1,2020,9,13,Trochilidae
calhum,Calliope Hummingbird,Selasphorus calliope,2020-09-13 10:15,1.0,31.40989,-110.22613,S73549669,1,2020,9,13,Trochilidae
calhum,Calliope Hummingbird,Selasphorus calliope,2020-09-13 10:05,1.0,33.804815,-106.890672,S73563935,1,2020,9,13,Trochilidae
calhum,Calliope Hummingbird,Selasphorus calliope,2020-09-13 10:03,1.0,35.044607,-106.494747,S73563876,1,2020,9,13,Trochilidae
calhum,Calliope Hummingbird,Selasphorus calliope,2020-09-13 10:00,1.0,30.2988285,-97.7133382,S73559707,1,2020,9,13,Trochilidae
calhum,Calliope Hummingbird,Selasphorus calliope,2020-09-13 07:50,1.0,31.788932,-106.458503,S73547151,1,2020,9,13,Trochilidae
calhum,Calliope Hummingbird,Selasphorus calliope,2020-09-13 07:46,1.0,34.9161913,-110.1956713,S73547925,1,2020,9,13,Trochilidae
calhum,Calliope Hummingbird,Selasphorus calliope,2020-09-13 07:30,1.0,32.9145084,-109.8270178,S73543047,1,2020,9,13,Trochilidae
calhum,Calliope Hummingbird,Selasphorus calliope,2020-09-13 07:23,1.0,31.460941,-110.361756,S73550826,1,2020,9,13,Trochilidae
calhum,Calliope Hummingbird,Selasphorus calliope,2020-09-13 07:15,1.0,31.992798,-102.118568,S73613683,1,2020,9,13,Trochilidae
calhum,Calliope Hummingbird,Selasphorus calliope,2020-09-13 06:50,1.0,32.1091003,-104.4710999,S73548519,1,2020,9,13,Trochilidae
calhum,Calliope Hummingbird,Selasphorus calliope,2020-09-13 05:52,1.0,31.7861076,-109.2981336,S73560343,1,2020,9,13,Trochilidae
calhum,Calliope Hummingbird,Selasphorus calliope,2020-09-13,2.0,45.4279826,-122.7044092,S73564154,1,2020,9,13,Trochilidae
calhum,Calliope Hummingbird,Selasphorus calliope,2020-09-12 17:28,1.0,35.9046116,-106.3249058,S73522484,1,2020,9,12,Trochilidae
calhum,Calliope Hummingbird,Selasphorus calliope,2020-09-12 17:10,1.0,35.2594884,-105.3619767,S73701776,1,2020,9,12,Trochilidae
calhum,Calliope Hummingbird,Selasphorus calliope,2020-09-12 15:40,1.0,39.9811158,-105.2421463,S73527523,1,2020,9,12,Trochilidae
calhum,Calliope Hummingbird,Selasphorus calliope,2020-09-12 15:01,2.0,34.3455437,-106.8729065,S73526965,1,2020,9,12,Trochilidae
calhum,Calliope Hummingbird,Selasphorus calliope,2020-09-12 15:00,1.0,35.1866503,-106.5303196,S73528105,1,2020,9,12,Trochilidae
calhum,Calliope Hummingbird,Selasphorus calliope,2020-09-12 14:19,1.0,36.4960351,-102.7922433,S73539581,1,2020,9,12,Trochilidae
calhum,Calliope Hummingbird,Selasphorus calliope,2020-09-12 13:28,1.0,39.9983612,-105.1126385,S73523832,1,2020,9,12,Trochilidae
calhum,Calliope Hummingbird,Selasphorus calliope,2020-09-12 12:34,1.0,35.5794525,-106.3208389,S73505621,1,2020,9,12,Trochilidae
calhum,Calliope Hummingbird,Selasphorus calliope,2020-09-12 12:13,1.0,40.270803,-111.642358,S73539671,1,2020,9,12,Trochilidae
calhum,Calliope Hummingbird,Selasphorus calliope,2020-09-12 11:40,1.0,44.3325821,-121.4042451,S73507641,1,2020,9,12,Trochilidae
calhum,Calliope Hummingbird,Selasphorus calliope,2020-09-12 11:15,1.0,39.8739445,-105.1244831,S73503556,1,2020,9,12,Trochilidae
calhum,Calliope Hummingbird,Selasphorus calliope,2020-09-12 11:14,1.0,40.6788592,-111.7900032,S73505205,1,2020,9,12,Trochilidae
calhum,Calliope Hummingbird,Selasphorus calliope,2020-09-12 10:48,1.0,35.044511,-106.494649,S73503539,1,2020,9,12,Trochilidae
calhum,Calliope Hummingbird,Selasphorus calliope,2020-09-12 10:47,1.0,34.9547058,-110.3489811,S73551800,1,2020,9,12,Trochilidae
calhum,Calliope Hummingbird,Selasphorus calliope,2020-09-12 10:31,1.0,39.0996931,-108.5177565,S73501131,1,2020,9,12,Trochilidae
calhum,Calliope Hummingbird,Selasphorus calliope,2020-09-12 10:20,1.0,39.9826408,-105.1496319,S73565315,1,2020,9,12,Trochilidae
calhum,Calliope Hummingbird,Selasphorus calliope,2020-09-12 09:46,1.0,39.6127335,-105.0528091,S73502007,1,2020,9,12,Trochilidae
calhum,Calliope Hummingbird,Selasphorus calliope,2020-09-12 09:30,1.0,34.6302389,-111.7810339,S73948739,1,2020,9,12,Trochilidae
calhum,Calliope Hummingbird,Selasphorus calliope,2020-09-12 09:20,2.0,31.7840489,-109.3040055,S73522690,1,2020,9,12,Trochilidae
calhum,Calliope Hummingbird,Selasphorus calliope,2020-09-12 09:18,1.0,31.603425,-111.046801,S73500800,1,2020,9,12,Trochilidae
calhum,Calliope Hummingbird,Selasphorus calliope,2020-09-12 08:57,1.0,35.2167001,-106.4153279,S73506285,1,2020,9,12,Trochilidae
calhum,Calliope Hummingbird,Selasphorus calliope,2020-09-12 08:38,1.0,43.9880226,-121.3856649,S73496222,1,2020,9,12,Trochilidae
calhum,Calliope Hummingbird,Selasphorus calliope,2020-09-12 08:30,1.0,34.6654589,-106.744084,S73512664,1,2020,9,12,Trochilidae
calhum,Calliope Hummingbird,Selasphorus calliope,2020-09-12 08:00,1.0,41.0690585,-111.5140689,S73505807,1,2020,9,12,Trochilidae
calhum,Calliope Hummingbird,Selasphorus calliope,2020-09-12 07:49,1.0,35.3797518,-106.4989221,S73495210,1,2020,9,12,Trochilidae
calhum,Calliope Hummingbird,Selasphorus calliope,2020-09-12 07:45,1.0,32.8418443,-108.5108471,S73519619,1,2020,9,12,Trochilidae
calhum,Calliope Hummingbird,Selasphorus calliope,2020-09-12 07:32,1.0,31.428,-110.291,S73522217,1,2020,9,12,Trochilidae
calhum,Calliope Hummingbird,Selasphorus calliope,2020-09-12 07:14,1.0,30.3834554,-97.8517178,S73509386,1,2020,9,12,Trochilidae
calhum,Calliope Hummingbird,Selasphorus calliope,2020-09-12 05:56,1.0,31.7634211,-109.2699337,S73519016,1,2020,9,12,Trochilidae
calhum,Calliope Hummingbird,Selasphorus calliope,2020-09-12 05:56,1.0,34.1873109,-109.3044806,S73496719,1,2020,9,12,Trochilidae
calhum,Calliope Hummingbird,Selasphorus calliope,2020-09-11 18:49,1.0,26.1616604,-97.7941339,S73476396,1,2020,9,11,Trochilidae
calhum,Calliope Hummingbird,Selasphorus calliope,2020-09-11 17:05,1.0,34.7821417,-110.0435498,S73477628,1,2020,9,11,Trochilidae
calhum,Calliope Hummingbird,Selasphorus calliope,2020-09-11 17:00,1.0,31.9099043,-109.1572626,S73482071,1,2020,9,11,Trochilidae
calhum,Calliope Hummingbird,Selasphorus calliope,2020-09-11 15:57,1.0,39.551925,-104.930901,S73472592,1,2020,9,11,Trochilidae
calhum,Calliope Hummingbird,Selasphorus calliope,2020-09-11 15:56,2.0,35.4020376,-111.7567062,S74144817,1,2020,9,11,Trochilidae
calhum,Calliope Hummingbird,Selasphorus calliope,2020-09-11 13:50,1.0,33.392264,-110.773666,S73474481,1,2020,9,11,Trochilidae
calhum,Calliope Hummingbird,Selasphorus calliope,2020-09-11 13:40,1.0,41.7426413,-111.8090016,S73465947,1,2020,9,11,Trochilidae
calhum,Calliope Hummingbird,Selasphorus calliope,2020-09-11 13:39,1.0,34.886581,-110.192364,S73468633,1,2020,9,11,Trochilidae
calhum,Calliope Hummingbird,Selasphorus calliope,2020-09-11 13:30,1.0,31.4095525,-109.8806739,S73494175,1,2020,9,11,Trochilidae
calhum,Calliope Hummingbird,Selasphorus calliope,2020-09-11 13:15,1.0,40.0464088,-105.183363,S73471938,1,2020,9,11,Trochilidae
calhum,Calliope Hummingbird,Selasphorus calliope,2020-09-11 13:00,2.0,38.279134,-112.645982,S73491559,1,2020,9,11,Trochilidae
calhum,Calliope Hummingbird,Selasphorus calliope,2020-09-11 11:58,1.0,35.8839596,-106.3358707,S73462559,1,2020,9,11,Trochilidae
calhum,Calliope Hummingbird,Selasphorus calliope,2020-09-11 10:30,2.0,40.6689542,-111.5019785,S73473723,1,2020,9,11,Trochilidae
calhum,Calliope Hummingbird,Selasphorus calliope,2020-09-11 09:30,1.0,36.950808,-105.53532,S73457062,1,2020,9,11,Trochilidae
calhum,Calliope Hummingbird,Selasphorus calliope,2020-09-11 09:30,1.0,39.952974,-105.168632,S73559686,1,2020,9,11,Trochilidae
calhum,Calliope Hummingbird,Selasphorus calliope,2020-09-11 09:08,1.0,31.921224,-109.1282621,S73475511,1,2020,9,11,Trochilidae
calhum,Calliope Hummingbird,Selasphorus calliope,2020-09-11 09:00,1.0,46.0690116,-118.2864019,S73463501,1,2020,9,11,Trochilidae
calhum,Calliope Hummingbird,Selasphorus calliope,2020-09-11 08:41,1.0,31.872172,-109.075432,S73481284,1,2020,9,11,Trochilidae
calhum,Calliope Hummingbird,Selasphorus calliope,2020-09-11 08:30,1.0,38.7855874,-104.8077768,S73593612,1,2020,9,11,Trochilidae
calhum,Calliope Hummingbird,Selasphorus calliope,2020-09-11 08:26,2.0,36.902374,-105.582286,S73456033,1,2020,9,11,Trochilidae
calhum,Calliope Hummingbird,Selasphorus calliope,2020-09-11 08:15,1.0,31.99255,-102.118531,S73544880,1,2020,9,11,Trochilidae
calhum,Calliope Hummingbird,Selasphorus calliope,2020-09-11 07:45,1.0,34.6571294,-106.7389577,S73465228,1,2020,9,11,Trochilidae
calhum,Calliope Hummingbird,Selasphorus calliope,2020-09-11 07:40,1.0,39.1139793,-120.9788835,S73474012,1,2020,9,11,Trochilidae
calhum,Calliope Hummingbird,Selasphorus calliope,2020-09-11 07:30,1.0,40.7212538,-111.5377307,S73463201,1,2020,9,11,Trochilidae
calhum,Calliope Hummingbird,Selasphorus calliope,2020-09-11 06:54,1.0,39.4882906,-104.7610822,S73451134,1,2020,9,11,Trochilidae
calhum,Calliope Hummingbird,Selasphorus calliope,2020-09-11 06:48,1.0,32.5947285,-110.9195124,S73458180,1,2020,9,11,Trochilidae
calhum,Calliope Hummingbird,Selasphorus calliope,2020-09-10 18:46,1.0,31.7861256,-106.496308,S73667683,1,2020,9,10,Trochilidae
calhum,Calliope Hummingbird,Selasphorus calliope,2020-09-10 18:08,1.0,31.6044847,-111.0455746,S73442458,1,2020,9,10,Trochilidae
calhum,Calliope Hummingbird,Selasphorus calliope,2020-09-10 18:04,1.0,34.540062,-110.7286,S73444012,1,2020,9,10,Trochilidae
calhum,Calliope Hummingbird,Selasphorus calliope,2020-09-10 17:59,2.0,40.0352379,-105.2070951,S73440940,1,2020,9,10,Trochilidae
calhum,Calliope Hummingbird,Selasphorus calliope,2020-09-10 16:47,1.0,35.050426,-106.497246,S73439501,1,2020,9,10,Trochilidae
calhum,Calliope Hummingbird,Selasphorus calliope,2020-09-10 15:50,1.0,26.161549,-97.794197,S73446324,1,2020,9,10,Trochilidae
calhum,Calliope Hummingbird,Selasphorus calliope,2020-09-10 15:32,1.0,35.059931,-106.809715,S73434857,1,2020,9,10,Trochilidae
calhum,Calliope Hummingbird,Selasphorus calliope,2020-09-10 14:30,1.0,46.2798128,-119.3487543,S73562139,1,2020,9,10,Trochilidae
calhum,Calliope Hummingbird,Selasphorus calliope,2020-09-10 13:00,1.0,39.6513211,-105.0451708,S73451169,1,2020,9,10,Trochilidae
calhum,Calliope Hummingbird,Selasphorus calliope,2020-09-10 12:12,1.0,35.184582,-111.727307,S73429863,1,2020,9,10,Trochilidae
calhum,Calliope Hummingbird,Selasphorus calliope,2020-09-10 11:53,1.0,33.802,-106.88,S73441750,1,2020,9,10,Trochilidae
calhum,Calliope Hummingbird,Selasphorus calliope,2020-09-10 11:47,1.0,30.5919014,-103.8913298,S73654782,1,2020,9,10,Trochilidae
calhum,Calliope Hummingbird,Selasphorus calliope,2020-09-10 11:33,1.0,26.161551,-97.793996,S73424959,1,2020,9,10,Trochilidae
calhum,Calliope Hummingbird,Selasphorus calliope,2020-09-10 10:58,1.0,33.9718571,-106.8633429,S73426008,1,2020,9,10,Trochilidae
calhum,Calliope Hummingbird,Selasphorus calliope,2020-09-10 10:30,1.0,35.924242,-112.0871324,S73435184,1,2020,9,10,Trochilidae
calhum,Calliope Hummingbird,Selasphorus calliope,2020-09-10 10:16,1.0,37.7698243,-111.6094625,S73419638,1,2020,9,10,Trochilidae
calhum,Calliope Hummingbird,Selasphorus calliope,2020-09-10 09:58,1.0,35.2197668,-106.6315091,S73589289,1,2020,9,10,Trochilidae
calhum,Calliope Hummingbird,Selasphorus calliope,2020-09-10 09:35,1.0,37.1999797,-107.8119278,S73433804,1,2020,9,10,Trochilidae
calhum,Calliope Hummingbird,Selasphorus calliope,2020-09-10 09:15,1.0,31.9080939,-105.1784169,S73459457,1,2020,9,10,Trochilidae
calhum,Calliope Hummingbird,Selasphorus calliope,2020-09-10 09:13,1.0,26.161755,-97.794167,S73412439,1,2020,9,10,Trochilidae
calhum,Calliope Hummingbird,Selasphorus calliope,2020-09-10 08:45,1.0,35.1817622,-111.6756499,S73487647,1,2020,9,10,Trochilidae
calhum,Calliope Hummingbird,Selasphorus calliope,2020-09-10 08:11,1.0,38.6397436,-109.3899035,S73420260,1,2020,9,10,Trochilidae
calhum,Calliope Hummingbird,Selasphorus calliope,2020-09-10 07:49,1.0,32.2295869,-106.7999123,S73429384,1,2020,9,10,Trochilidae
calhum,Calliope Hummingbird,Selasphorus calliope,2020-09-10 07:36,1.0,32.622568,-109.823525,S73420141,1,2020,9,10,Trochilidae
calhum,Calliope Hummingbird,Selasphorus calliope,2020-09-10 07:30,1.0,35.2022702,-111.6574001,S73574764,1,2020,9,10,Trochilidae
calhum,Calliope Hummingbird,Selasphorus calliope,2020-09-10 07:21,1.0,32.920947,-107.566598,S73417928,1,2020,9,10,Trochilidae
calhum,Calliope Hummingbird,Selasphorus calliope,2020-09-10 05:50,1.0,31.5313995,-110.3805093,S73428307,1,2020,9,10,Trochilidae
calhum,Calliope Hummingbird,Selasphorus calliope,2020-09-09 18:13,1.0,26.162734,-97.788622,S73396300,1,2020,9,9,Trochilidae
calhum,Calliope Hummingbird,Selasphorus calliope,2020-09-09 17:00,1.0,26.1613506,-97.7937052,S73401069,1,2020,9,9,Trochilidae
calhum,Calliope Hummingbird,Selasphorus calliope,2020-09-09 16:00,1.0,35.1310233,-106.4841378,S73394273,1,2020,9,9,Trochilidae
calhum,Calliope Hummingbird,Selasphorus calliope,2020-09-09 15:35,1.0,39.9921819,-105.1153884,S73394333,1,2020,9,9,Trochilidae
calhum,Calliope Hummingbird,Selasphorus calliope,2020-09-09 14:10,1.0,35.8432228,-105.9846355,S73394135,1,2020,9,9,Trochilidae
calhum,Calliope Hummingbird,Selasphorus calliope,2020-09-09 13:12,1.0,35.1364641,-106.4920479,S73387748,1,2020,9,9,Trochilidae
calhum,Calliope Hummingbird,Selasphorus calliope,2020-09-09 10:50,1.0,39.0486144,-108.6438502,S73384508,1,2020,9,9,Trochilidae
calhum,Calliope Hummingbird,Selasphorus calliope,2020-09-09 08:51,1.0,40.562844,-105.087561,S73378333,1,2020,9,9,Trochilidae
calhum,Calliope Hummingbird,Selasphorus calliope,2020-09-09 08:30,1.0,40.4687118,-112.0973069,S73396857,1,2020,9,9,Trochilidae
calhum,Calliope Hummingbird,Selasphorus calliope,2020-09-09 08:19,1.0,38.24767,-122.907059,S73385102,1,2020,9,9,Trochilidae
calhum,Calliope Hummingbird,Selasphorus calliope,2020-09-09 08:07,1.0,36.975842,-105.531428,S73377455,1,2020,9,9,Trochilidae
calhum,Calliope Hummingbird,Selasphorus calliope,2020-09-09 08:00,1.0,40.1571242,-111.6421089,S73387382,1,2020,9,9,Trochilidae
calhum,Calliope Hummingbird,Selasphorus calliope,2020-09-09 08:00,1.0,26.1615854,-97.7942431,S73385980,1,2020,9,9,Trochilidae
calhum,Calliope Hummingbird,Selasphorus calliope,2020-09-09 07:46,1.0,35.1042061,-106.6195526,S73379226,1,2020,9,9,Trochilidae
calhum,Calliope Hummingbird,Selasphorus calliope,2020-09-08 19:30,1.0,42.5135216,-113.5737527,S73365612,1,2020,9,8,Trochilidae
calhum,Calliope Hummingbird,Selasphorus calliope,2020-09-08 18:59,1.0,39.602018,-105.0820398,S73364747,1,2020,9,8,Trochilidae
calhum,Calliope Hummingbird,Selasphorus calliope,2020-09-08 17:59,1.0,38.247748,-122.90715,S73368304,1,2020,9,8,Trochilidae
calhum,Calliope Hummingbird,Selasphorus calliope,2020-09-08 17:59,1.0,43.6255653,-116.7528849,S73367234,1,2020,9,8,Trochilidae
calhum,Calliope Hummingbird,Selasphorus calliope,2020-09-08 14:55,1.0,45.2601913,-111.3055382,S73357313,1,2020,9,8,Trochilidae
calhum,Calliope Hummingbird,Selasphorus calliope,2020-09-08 14:40,1.0,30.2964682,-97.7097325,S73356360,1,2020,9,8,Trochilidae
calhum,Calliope Hummingbird,Selasphorus calliope,2020-09-08 13:55,1.0,39.6128804,-105.0526605,S73354197,1,2020,9,8,Trochilidae
calhum,Calliope Hummingbird,Selasphorus calliope,2020-09-08 12:16,1.0,38.0148365,-108.0501831,S73352348,1,2020,9,8,Trochilidae
calhum,Calliope Hummingbird,Selasphorus calliope,2020-09-08 11:50,1.0,26.161341,-97.7939051,S73362805,1,2020,9,8,Trochilidae
calhum,Calliope Hummingbird,Selasphorus calliope,2020-09-08 11:40,1.0,40.287554,-105.348774,S73354563,1,2020,9,8,Trochilidae
calhum,Calliope Hummingbird,Selasphorus calliope,2020-09-08 11:31,1.0,39.61951,-104.860951,S73351160,1,2020,9,8,Trochilidae
calhum,Calliope Hummingbird,Selasphorus calliope,2020-09-08 11:15,1.0,40.650452,-111.8534642,S73396197,1,2020,9,8,Trochilidae
calhum,Calliope Hummingbird,Selasphorus calliope,2020-09-08 10:47,1.0,47.5591507,-120.6804928,S73349915,1,2020,9,8,Trochilidae
calhum,Calliope Hummingbird,Selasphorus calliope,2020-09-08 10:35,1.0,39.102598,-108.558128,S73346942,1,2020,9,8,Trochilidae
calhum,Calliope Hummingbird,Selasphorus calliope,2020-09-08 09:42,1.0,35.044512,-106.494459,S73350360,1,2020,9,8,Trochilidae
calhum,Calliope Hummingbird,Selasphorus calliope,2020-09-08 08:30,1.0,40.3138333,-111.7119695,S73342434,1,2020,9,8,Trochilidae
calhum,Calliope Hummingbird,Selasphorus calliope,2020-09-08 08:00,1.0,40.313688,-111.711948,S73342396,1,2020,9,8,Trochilidae
calhum,Calliope Hummingbird,Selasphorus calliope,2020-09-08 07:30,1.0,29.5234423,-103.3577442,S73430468,1,2020,9,8,Trochilidae
calhum,Calliope Hummingbird,Selasphorus calliope,2020-09-07 19:31,1.0,39.437178,-107.178653,S73343389,1,2020,9,7,Trochilidae
calhum,Calliope Hummingbird,Selasphorus calliope,2020-09-07 17:32,1.0,40.5647096,-105.1096988,S73327307,1,2020,9,7,Trochilidae
calhum,Calliope Hummingbird,Selasphorus calliope,2020-09-07 17:07,1.0,34.407757,-110.043074,S73329500,1,2020,9,7,Trochilidae
calhum,Calliope Hummingbird,Selasphorus calliope,2020-09-07 16:45,1.0,43.266672,-118.843312,S73328602,1,2020,9,7,Trochilidae
calhum,Calliope Hummingbird,Selasphorus calliope,2020-09-07 15:46,1.0,38.8473432,-104.8811263,S73323824,1,2020,9,7,Trochilidae
calhum,Calliope Hummingbird,Selasphorus calliope,2020-09-07 14:50,1.0,30.2994691,-97.7125443,S73319563,1,2020,9,7,Trochilidae
calhum,Calliope Hummingbird,Selasphorus calliope,2020-09-07 11:52,2.0,31.769906,-109.3156,S73319537,1,2020,9,7,Trochilidae
calhum,Calliope Hummingbird,Selasphorus calliope,2020-09-07 11:40,1.0,38.0298584,-122.5769998,S73329623,1,2020,9,7,Trochilidae
calhum,Calliope Hummingbird,Selasphorus calliope,2020-09-07 10:30,2.0,39.840692,-105.1029455,S73306833,1,2020,9,7,Trochilidae
calhum,Calliope Hummingbird,Selasphorus calliope,2020-09-07 10:30,1.0,46.5730867,-116.7019111,S73324815,1,2020,9,7,Trochilidae
calhum,Calliope Hummingbird,Selasphorus calliope,2020-09-07 10:20,1.0,39.8237981,-105.0994205,S73310801,1,2020,9,7,Trochilidae
calhum,Calliope Hummingbird,Selasphorus calliope,2020-09-07 09:54,1.0,39.70684,-104.963824,S73492835,1,2020,9,7,Trochilidae
calhum,Calliope Hummingbird,Selasphorus calliope,2020-09-07 08:42,1.0,35.7617662,-105.934601,S73305234,1,2020,9,7,Trochilidae
calhum,Calliope Hummingbird,Selasphorus calliope,2020-09-07 08:38,1.0,32.267648,-107.720432,S73305818,1,2020,9,7,Trochilidae
calhum,Calliope Hummingbird,Selasphorus calliope,2020-09-07 08:27,1.0,40.5242417,-105.119462,S73299895,1,2020,9,7,Trochilidae
calhum,Calliope Hummingbird,Selasphorus calliope,2020-09-07 08:13,1.0,35.2084325,-106.6051265,S73317447,1,2020,9,7,Trochilidae
calhum,Calliope Hummingbird,Selasphorus calliope,2020-09-07 07:54,2.0,40.9234737,-112.1680972,S73312014,1,2020,9,7,Trochilidae
calhum,Calliope Hummingbird,Selasphorus calliope,2020-09-07 07:47,1.0,40.3676086,-109.3525109,S73322196,1,2020,9,7,Trochilidae
calhum,Calliope Hummingbird,Selasphorus calliope,2020-09-07 07:12,2.0,35.8591521,-105.994053,S73298082,1,2020,9,7,Trochilidae
calhum,Calliope Hummingbird,Selasphorus calliope,2020-09-07 07:03,1.0,40.1348086,-105.1888925,S73302007,1,2020,9,7,Trochilidae
calhum,Calliope Hummingbird,Selasphorus calliope,2020-09-06 19:16,1.0,39.766203,-104.890373,S73286024,1,2020,9,6,Trochilidae
calhum,Calliope Hummingbird,Selasphorus calliope,2020-09-06 17:57,3.0,31.7756392,-109.3129241,S73750202,1,2020,9,6,Trochilidae
calhum,Calliope Hummingbird,Selasphorus calliope,2020-09-06 16:20,1.0,43.7446314,-116.4983354,S73286352,1,2020,9,6,Trochilidae
calhum,Calliope Hummingbird,Selasphorus calliope,2020-09-06 15:52,2.0,31.772511,-109.313847,S73319147,1,2020,9,6,Trochilidae
calhum,Calliope Hummingbird,Selasphorus calliope,2020-09-06 13:41,1.0,34.404285,-111.44811,S73274615,1,2020,9,6,Trochilidae
calhum,Calliope Hummingbird,Selasphorus calliope,2020-09-06 13:30,1.0,33.882251,-109.1566813,S73277117,1,2020,9,6,Trochilidae
calhum,Calliope Hummingbird,Selasphorus calliope,2020-09-06 13:16,2.0,31.999469,-109.271453,S73277735,1,2020,9,6,Trochilidae
calhum,Calliope Hummingbird,Selasphorus calliope,2020-09-06 11:33,1.0,30.596408,-103.934759,S73275277,1,2020,9,6,Trochilidae
calhum,Calliope Hummingbird,Selasphorus calliope,2020-09-06 10:27,1.0,37.2807117,-107.8743696,S73260785,1,2020,9,6,Trochilidae
calhum,Calliope Hummingbird,Selasphorus calliope,2020-09-06 10:17,1.0,30.621658,-103.982066,S73275230,1,2020,9,6,Trochilidae
calhum,Calliope Hummingbird,Selasphorus calliope,2020-09-06 10:16,1.0,35.5542428,-105.3882462,S73261285,1,2020,9,6,Trochilidae
calhum,Calliope Hummingbird,Selasphorus calliope,2020-09-06 10:16,1.0,35.5542428,-105.3882462,S73261286,1,2020,9,6,Trochilidae
calhum,Calliope Hummingbird,Selasphorus calliope,2020-09-06 09:27,1.0,40.562791,-105.087678,S73257120,1,2020,9,6,Trochilidae
calhum,Calliope Hummingbird,Selasphorus calliope,2020-09-06 09:05,1.0,41.3238575,-105.5421352,S73294395,1,2020,9,6,Trochilidae
calhum,Calliope Hummingbird,Selasphorus calliope,2020-09-06 09:02,2.0,35.3948964,-105.9435315,S73271863,1,2020,9,6,Trochilidae
calhum,Calliope Hummingbird,Selasphorus calliope,2020-09-06 09:00,1.0,40.7594805,-111.5470648,S73265175,1,2020,9,6,Trochilidae
calhum,Calliope Hummingbird,Selasphorus calliope,2020-09-06 08:28,1.0,35.187012,-106.652002,S73269824,1,2020,9,6,Trochilidae
calhum,Calliope Hummingbird,Selasphorus calliope,2020-09-06 08:25,1.0,35.0853956,-106.2934893,S73257512,1,2020,9,6,Trochilidae
calhum,Calliope Hummingbird,Selasphorus calliope,2020-09-06 08:11,1.0,39.6402646,-104.8538589,S73261188,1,2020,9,6,Trochilidae
calhum,Calliope Hummingbird,Selasphorus calliope,2020-09-06 08:01,1.0,37.8595401,-111.4158726,S73287832,1,2020,9,6,Trochilidae
calhum,Calliope Hummingbird,Selasphorus calliope,2020-09-06 08:00,1.0,34.7033249,-106.770482,S73264426,1,2020,9,6,Trochilidae
calhum,Calliope Hummingbird,Selasphorus calliope,2020-09-06 08:00,1.0,35.245615,-101.916822,S73287351,1,2020,9,6,Trochilidae
calhum,Calliope Hummingbird,Selasphorus calliope,2020-09-06 07:58,1.0,39.7614012,-104.8781662,S73255433,1,2020,9,6,Trochilidae
calhum,Calliope Hummingbird,Selasphorus calliope,2020-09-06 07:53,1.0,35.725972,-106.038006,S73256213,1,2020,9,6,Trochilidae
calhum,Calliope Hummingbird,Selasphorus calliope,2020-09-06 07:30,1.0,32.7098257,-108.3020639,S73361224,1,2020,9,6,Trochilidae
calhum,Calliope Hummingbird,Selasphorus calliope,2020-09-06 07:30,1.0,39.6654122,-120.4402936,S73317900,1,2020,9,6,Trochilidae
calhum,Calliope Hummingbird,Selasphorus calliope,2020-09-06 07:15,1.0,46.4956111,-111.9674722,S73256341,1,2020,9,6,Trochilidae
calhum,Calliope Hummingbird,Selasphorus calliope,2020-09-06 07:15,1.0,33.5612086,-101.9061756,S73300220,1,2020,9,6,Trochilidae
calhum,Calliope Hummingbird,Selasphorus calliope,2020-09-06 07:05,2.0,35.6937568,-105.9871674,S73254967,1,2020,9,6,Trochilidae
calhum,Calliope Hummingbird,Selasphorus calliope,2020-09-06 06:58,1.0,31.837473,-106.582172,S73262476,1,2020,9,6,Trochilidae
calhum,Calliope Hummingbird,Selasphorus calliope,2020-09-06 06:50,1.0,40.5695796,-107.5048639,S73285727,1,2020,9,6,Trochilidae
calhum,Calliope Hummingbird,Selasphorus calliope,2020-09-06 06:30,2.0,31.6837898,-110.3886416,S73284144,1,2020,9,6,Trochilidae
calhum,Calliope Hummingbird,Selasphorus calliope,2020-09-06 06:30,1.0,39.0337528,-104.8212433,S73276676,1,2020,9,6,Trochilidae
calhum,Calliope Hummingbird,Selasphorus calliope,2020-09-05 17:47,1.0,35.8854645,-106.2917751,S73233849,1,2020,9,5,Trochilidae
calhum,Calliope Hummingbird,Selasphorus calliope,2020-09-05 16:15,1.0,31.771272,-109.314609,S73238088,1,2020,9,5,Trochilidae
calhum,Calliope Hummingbird,Selasphorus calliope,2020-09-05 15:45,2.0,34.9009987,-107.8576864,S73239540,1,2020,9,5,Trochilidae
calhum,Calliope Hummingbird,Selasphorus calliope,2020-09-05 14:37,1.0,37.4028387,-107.6584697,S73232640,1,2020,9,5,Trochilidae
calhum,Calliope Hummingbird,Selasphorus calliope,2020-09-05 14:09,1.0,30.297931,-97.711237,S73225014,1,2020,9,5,Trochilidae
calhum,Calliope Hummingbird,Selasphorus calliope,2020-09-05 14:08,1.0,41.3562831,-106.2942496,S73238497,1,2020,9,5,Trochilidae
calhum,Calliope Hummingbird,Selasphorus calliope,2020-09-05 13:24,1.0,34.1341239,-108.4923957,S73238975,1,2020,9,5,Trochilidae
calhum,Calliope Hummingbird,Selasphorus calliope,2020-09-05 13:19,2.0,37.301902,-107.871821,S73225672,1,2020,9,5,Trochilidae
calhum,Calliope Hummingbird,Selasphorus calliope,2020-09-05 11:20,1.0,34.9537481,-111.4820705,S73221075,1,2020,9,5,Trochilidae
calhum,Calliope Hummingbird,Selasphorus calliope,2020-09-05 10:47,1.0,32.341165,-106.574637,S73235651,1,2020,9,5,Trochilidae
calhum,Calliope Hummingbird,Selasphorus calliope,2020-09-05 10:37,1.0,34.988222,-106.61573,S73215221,1,2020,9,5,Trochilidae
calhum,Calliope Hummingbird,Selasphorus calliope,2020-09-05 10:32,1.0,31.912893,-109.136788,S73239293,1,2020,9,5,Trochilidae
calhum,Calliope Hummingbird,Selasphorus calliope,2020-09-05 10:13,1.0,31.8529153,-106.457269,S73251402,1,2020,9,5,Trochilidae
calhum,Calliope Hummingbird,Selasphorus calliope,2020-09-05 10:09,1.0,40.6710086,-111.7831229,S73239317,1,2020,9,5,Trochilidae
calhum,Calliope Hummingbird,Selasphorus calliope,2020-09-05 09:48,1.0,43.555912,-116.344282,S73212676,1,2020,9,5,Trochilidae
calhum,Calliope Hummingbird,Selasphorus calliope,2020-09-05 09:45,1.0,32.778522,-105.771133,S73269574,1,2020,9,5,Trochilidae
calhum,Calliope Hummingbird,Selasphorus calliope,2020-09-05 09:10,1.0,39.55365,-107.567372,S73210721,1,2020,9,5,Trochilidae
calhum,Calliope Hummingbird,Selasphorus calliope,2020-09-05 09:00,1.0,35.8004323,-106.215185,S73212389,1,2020,9,5,Trochilidae
calhum,Calliope Hummingbird,Selasphorus calliope,2020-09-05 08:25,2.0,31.789333,-106.457718,S73253947,1,2020,9,5,Trochilidae
calhum,Calliope Hummingbird,Selasphorus calliope,2020-09-05 08:22,1.0,35.748038,-105.655477,S73226485,1,2020,9,5,Trochilidae
calhum,Calliope Hummingbird,Selasphorus calliope,2020-09-05 08:18,1.0,29.719161,-99.781596,S73739754,1,2020,9,5,Trochilidae
calhum,Calliope Hummingbird,Selasphorus calliope,2020-09-05 08:18,1.0,35.1376686,-106.6874814,S73215904,1,2020,9,5,Trochilidae
calhum,Calliope Hummingbird,Selasphorus calliope,2020-09-05 08:04,1.0,39.6204002,-104.8289895,S73208554,1,2020,9,5,Trochilidae
calhum,Calliope Hummingbird,Selasphorus calliope,2020-09-05 08:00,1.0,37.2250323,-107.8665714,S73222934,1,2020,9,5,Trochilidae
calhum,Calliope Hummingbird,Selasphorus calliope,2020-09-05 08:00,3.0,39.2894014,-120.9663274,S73261011,1,2020,9,5,Trochilidae
calhum,Calliope Hummingbird,Selasphorus calliope,2020-09-05 07:50,1.0,46.7268999,-116.9681498,S73211603,1,2020,9,5,Trochilidae
calhum,Calliope Hummingbird,Selasphorus calliope,2020-09-05 07:19,1.0,43.605233,-116.6956723,S73313520,1,2020,9,5,Trochilidae
calhum,Calliope Hummingbird,Selasphorus calliope,2020-09-05 07:16,1.0,39.7559995,-104.8790717,S73210945,1,2020,9,5,Trochilidae
calhum,Calliope Hummingbird,Selasphorus calliope,2020-09-05 07:05,1.0,40.1317067,-105.1197195,S73224812,1,2020,9,5,Trochilidae
calhum,Calliope Hummingbird,Selasphorus calliope,2020-09-05 06:57,1.0,34.0144713,-108.1190381,S73237680,1,2020,9,5,Trochilidae
calhum,Calliope Hummingbird,Selasphorus calliope,2020-09-05 06:34,1.0,39.6495504,-105.1536655,S73208366,1,2020,9,5,Trochilidae
calhum,Calliope Hummingbird,Selasphorus calliope,2020-09-05 06:25,4.0,39.8218534,-105.1441276,S73204518,1,2020,9,5,Trochilidae
calhum,Calliope Hummingbird,Selasphorus calliope,2020-09-05 06:18,1.0,40.0382725,-105.5548765,S73226651,1,2020,9,5,Trochilidae
calhum,Calliope Hummingbird,Selasphorus calliope,2020-09-04 20:01,1.0,33.147724,-105.8572194,S73193742,1,2020,9,4,Trochilidae
calhum,Calliope Hummingbird,Selasphorus calliope,2020-09-04 19:03,1.0,40.1483705,-105.1503831,S73192905,1,2020,9,4,Trochilidae
calhum,Calliope Hummingbird,Selasphorus calliope,2020-09-04 18:34,1.0,35.117068,-106.502816,S73192628,1,2020,9,4,Trochilidae
calhum,Calliope Hummingbird,Selasphorus calliope,2020-09-04 18:30,1.0,40.9757064,-111.8767673,S73250644,1,2020,9,4,Trochilidae
calhum,Calliope Hummingbird,Selasphorus calliope,2020-09-04 18:11,1.0,45.61839,-111.0687733,S73238514,1,2020,9,4,Trochilidae
calhum,Calliope Hummingbird,Selasphorus calliope,2020-09-04 18:07,1.0,40.4423333,-105.1032829,S73192149,1,2020,9,4,Trochilidae
calhum,Calliope Hummingbird,Selasphorus calliope,2020-09-04 16:30,1.0,40.0164405,-111.671176,S73795112,1,2020,9,4,Trochilidae
calhum,Calliope Hummingbird,Selasphorus calliope,2020-09-04 16:24,1.0,31.7759,-109.312976,S73277883,1,2020,9,4,Trochilidae
calhum,Calliope Hummingbird,Selasphorus calliope,2020-09-04 15:33,1.0,43.9671166,-112.260479,S73187874,1,2020,9,4,Trochilidae
calhum,Calliope Hummingbird,Selasphorus calliope,2020-09-04 15:30,1.0,38.7804813,-104.7954623,S73192419,1,2020,9,4,Trochilidae
calhum,Calliope Hummingbird,Selasphorus calliope,2020-09-04 15:18,1.0,32.0029655,-102.1591629,S73183421,1,2020,9,4,Trochilidae
calhum,Calliope Hummingbird,Selasphorus calliope,2020-09-04 12:43,1.0,43.6056275,-116.0600716,S73218440,1,2020,9,4,Trochilidae
calhum,Calliope Hummingbird,Selasphorus calliope,2020-09-04 11:32,1.0,39.9344672,-105.1034207,S73180788,1,2020,9,4,Trochilidae
calhum,Calliope Hummingbird,Selasphorus calliope,2020-09-04 11:00,1.0,35.3476419,-106.6134042,S73183460,1,2020,9,4,Trochilidae
calhum,Calliope Hummingbird,Selasphorus calliope,2020-09-04 10:18,1.0,39.864497,-105.216803,S73172754,1,2020,9,4,Trochilidae
calhum,Calliope Hummingbird,Selasphorus calliope,2020-09-04 09:52,1.0,37.276475,-118.973996,S73435112,1,2020,9,4,Trochilidae
calhum,Calliope Hummingbird,Selasphorus calliope,2020-09-04 09:45,1.0,43.6700773,-116.3078632,S73325279,1,2020,9,4,Trochilidae
calhum,Calliope Hummingbird,Selasphorus calliope,2020-09-04 09:40,1.0,35.001917,-106.619699,S73173654,1,2020,9,4,Trochilidae
calhum,Calliope Hummingbird,Selasphorus calliope,2020-09-04 09:16,1.0,45.8254509,-111.6445956,S73184599,1,2020,9,4,Trochilidae
calhum,Calliope Hummingbird,Selasphorus calliope,2020-09-04 08:27,1.0,38.8169525,-104.7989058,S73175197,1,2020,9,4,Trochilidae
calhum,Calliope Hummingbird,Selasphorus calliope,2020-09-04 08:08,1.0,31.0382368,-104.8535173,S73167252,1,2020,9,4,Trochilidae
calhum,Calliope Hummingbird,Selasphorus calliope,2020-09-04 07:30,1.0,40.5308037,-105.235672,S73270345,1,2020,9,4,Trochilidae
calhum,Calliope Hummingbird,Selasphorus calliope,2020-09-04 07:12,1.0,32.3697822,-106.5572634,S73180297,1,2020,9,4,Trochilidae
calhum,Calliope Hummingbird,Selasphorus calliope,2020-09-04 07:02,1.0,40.1829554,-105.1493901,S73381429,1,2020,9,4,Trochilidae
calhum,Calliope Hummingbird,Selasphorus calliope,2020-09-04 06:15,2.0,38.6187096,-104.6835098,S73178689,1,2020,9,4,Trochilidae
calhum,Calliope Hummingbird,Selasphorus calliope,2020-09-04,1.0,31.9041935,-109.1560364,S73422577,1,2020,9,4,Trochilidae
calhum,Calliope Hummingbird,Selasphorus calliope,2020-09-03 19:15,1.0,40.1858385,-105.0810514,S73154857,1,2020,9,3,Trochilidae
calhum,Calliope Hummingbird,Selasphorus calliope,2020-09-03 18:30,1.0,35.2788638,-106.6055775,S73158717,1,2020,9,3,Trochilidae
calhum,Calliope Hummingbird,Selasphorus calliope,2020-09-03 16:50,1.0,37.4179155,-107.8295016,S73151370,1,2020,9,3,Trochilidae
calhum,Calliope Hummingbird,Selasphorus calliope,2020-09-03 16:00,1.0,32.3731003,-110.6912994,S73155737,1,2020,9,3,Trochilidae
calhum,Calliope Hummingbird,Selasphorus calliope,2020-09-03 15:50,1.0,34.601548,-105.197035,S73148987,1,2020,9,3,Trochilidae
calhum,Calliope Hummingbird,Selasphorus calliope,2020-09-03 15:27,1.0,35.3050644,-106.4791538,S73171472,1,2020,9,3,Trochilidae
calhum,Calliope Hummingbird,Selasphorus calliope,2020-09-03 13:50,1.0,38.8598064,-104.8711015,S73143834,1,2020,9,3,Trochilidae
calhum,Calliope Hummingbird,Selasphorus calliope,2020-09-03 13:36,1.0,30.282319,-103.598563,S73143172,1,2020,9,3,Trochilidae
calhum,Calliope Hummingbird,Selasphorus calliope,2020-09-03 11:00,1.0,39.1102283,-107.2661311,S73224721,1,2020,9,3,Trochilidae
calhum,Calliope Hummingbird,Selasphorus calliope,2020-09-03 09:59,1.0,37.285418,-107.87243,S73135768,1,2020,9,3,Trochilidae
calhum,Calliope Hummingbird,Selasphorus calliope,2020-09-03 09:48,1.0,40.5875,-105.11222,S73136324,1,2020,9,3,Trochilidae
calhum,Calliope Hummingbird,Selasphorus calliope,2020-09-03 09:31,1.0,45.460759,-121.8440866,S73398762,1,2020,9,3,Trochilidae
calhum,Calliope Hummingbird,Selasphorus calliope,2020-09-03 09:13,1.0,30.565385,-103.8843349,S73132167,1,2020,9,3,Trochilidae
calhum,Calliope Hummingbird,Selasphorus calliope,2020-09-03 09:00,1.0,35.821066,-106.206009,S73182314,1,2020,9,3,Trochilidae
calhum,Calliope Hummingbird,Selasphorus calliope,2020-09-03 08:55,1.0,43.7127895,-116.3183177,S73132377,1,2020,9,3,Trochilidae
calhum,Calliope Hummingbird,Selasphorus calliope,2020-09-03 08:26,1.0,39.5233557,-105.0806773,S73141376,1,2020,9,3,Trochilidae
calhum,Calliope Hummingbird,Selasphorus calliope,2020-09-03 06:30,1.0,39.5829363,-104.8924828,S73151923,1,2020,9,3,Trochilidae
calhum,Calliope Hummingbird,Selasphorus calliope,2020-09-03 06:26,1.0,38.387144,-117.433158,S73143902,1,2020,9,3,Trochilidae
calhum,Calliope Hummingbird,Selasphorus calliope,2020-09-03 06:20,1.0,31.8981637,-109.115932,S73233138,1,2020,9,3,Trochilidae
calhum,Calliope Hummingbird,Selasphorus calliope,2020-09-03 05:35,1.0,33.805288,-109.318983,S73169318,1,2020,9,3,Trochilidae
calhum,Calliope Hummingbird,Selasphorus calliope,2020-09-02 19:54,2.0,44.151143,-115.3112984,S73160043,1,2020,9,2,Trochilidae
